tempo,orcamento_receita_corrente,orcamento_receita_fiscal,orcamento_impostos_directos,orcamento_impostos_indirectos,orcamento_contribuicoes_de_seguranca_social,orcamento_outras_receitas_correntes,orcamento_outras_receitas_correntes_das_quais_transferencias_de_outros_subsectores_das_ap,orcamento_receita_de_capital,orcamento_receita_de_capital_das_quais_transferencias_de_outros_subsectores_das_ap,orcamento_receita_efectiva,orcamento_despesa_corrente,orcamento_consumo_publico,orcamento_despesas_com_o_pessoal,orcamento_remuneracoes_certas_e_permanentes,orcamento_abonos_variaveis_ou_eventuais,orcamento_seguranca_social,orcamento_aquisicao_de_bens_e_servicos,orcamento_produtos_vendidos_em_farmacias,orcamento_meios_complementares_de_diagnostico_e_terapeutica,orcamento_parcerias_publico_privadas_ppp,orcamento_aquisicao_de_bens_compras_inventarios,orcamento_outras_aquisicoes_de_bens_e_servicos,orcamento_outras_despesas_correntes,orcamento_juros_e_outros_encargos,orcamento_transferencias_correntes,orcamento_transferencias_correntes_das_quais_transferencias_para_outros_subsectores_das_ap,orcamento_despesa_de_capital,orcamento_investimentos,orcamento_transferencias_de_capital,orcamento_transferencias_de_capital_das_quais_transferencias_para_outros_subsectores_das_ap,orcamento_outras_despesas_de_capital,orcamento_despesa_efectiva,orcamento_saldo_global,execucao_acumulada_receita_corrente,execucao_acumulada_receita_fiscal,execucao_acumulada_impostos_directos,execucao_acumulada_impostos_indirectos,execucao_acumulada_contribuicoes_de_seguranca_social,execucao_acumulada_outras_receitas_correntes,execucao_acumulada_outras_receitas_correntes_das_quais_transferencias_de_outros_subsectores_das_ap,execucao_acumulada_receita_de_capital,execucao_acumulada_receita_de_capital_das_quais_transferencias_de_outros_subsectores_das_ap,execucao_acumulada_receita_efectiva,execucao_acumulada_despesa_corrente,execucao_acumulada_consumo_publico,execucao_acumulada_despesas_com_o_pessoal,execucao_acumulada_remuneracoes_certas_e_permanentes,execucao_acumulada_abonos_variaveis_ou_eventuais,execucao_acumulada_seguranca_social,execucao_acumulada_aquisicao_de_bens_e_servicos,execucao_acumulada_produtos_vendidos_em_farmacias,execucao_acumulada_meios_complementares_de_diagnostico_e_terapeutica,execucao_acumulada_parcerias_publico_privadas_ppp,execucao_acumulada_aquisicao_de_bens_compras_inventarios,execucao_acumulada_outras_aquisicoes_de_bens_e_servicos,execucao_acumulada_outras_despesas_correntes,execucao_acumulada_juros_e_outros_encargos,execucao_acumulada_transferencias_correntes,execucao_acumulada_transferencias_correntes_das_quais_transferencias_para_outros_subsectores_das_ap,execucao_acumulada_despesa_de_capital,execucao_acumulada_investimentos,execucao_acumulada_transferencias_de_capital,execucao_acumulada_transferencias_de_capital_das_quais_transferencias_para_outros_subsectores_das_ap,execucao_acumulada_outras_despesas_de_capital,execucao_acumulada_despesa_efectiva,execucao_acumulada_saldo_global,ano,mes
2016-01-01,8691.0,104.0,104.0,0.0,0.0,8587.0,7943.0,63.0,0.0,8754.0,8822.900000000001,8780.800000000001,3591.0,0.0,0.0,0.0,5145.7,1187.0,1300.4,447.9,1577.2,633.2,44.1,4.2,37.9,0.0,109.8,105.8,4.0,0.0,0.0,8932.7,-178.70000000000073,685.1000000000001,0.0,0.0,0.0,0.0,685.1000000000001,653.7,0.9,0.0,686.0000000000001,670.0000000000001,669.7,310.6,206.5,46.0,58.1,356.5,102.8,96.6,29.9,90.0,37.2,2.6,0.2,0.1,0.0,1.1,1.1,0.0,0.0,0.0,671.1000000000001,14.899999999999975,2016,1
2016-09-01,8691.0,104.0,104.0,0.0,0.0,8587.0,7943.0,63.0,0.0,8754.0,8822.900000000001,8780.800000000001,3591.0,0.0,0.0,0.0,5145.7,1187.0,1300.4,447.9,1577.2,633.2,44.1,4.2,37.9,0.0,109.8,105.8,4.0,0.0,0.0,8932.7,-178.70000000000073,6495.1,81.7,81.7,0.0,0.0,6413.400000000001,5982.0,16.5,0.0,6511.6,6555.9000000000015,6498.300000000001,2665.7,1761.2,415.3,489.2,3805.000000000001,927.5,987.7,284.6,1141.9,463.3,27.6,6.1,51.5,0.0,66.9,66.5,0.4,0.0,0.0,6622.800000000001,-111.19999999999982,2016,9
2017-01-01,8803.400000000001,130.7,130.7,0.0,0.0,8672.7,8094.1,78.7,0.0,8882.100000000002,9020.2,8954.0,3692.0,0.0,0.0,0.0,5212.5,1207.7,1292.9,448.0,1649.5,614.4,49.5,3.3,62.9,0.0,110.0,90.9,19.1,0.0,0.0,9130.2,-248.1000000000004,696.8,0.0,0.0,0.0,0.0,696.8,664.5,0.8,0.0,697.5999999999999,712.9,712.3,325.4,213.1,53.1,59.2,385.9,105.4,101.4,35.5,103.0,40.6,1.0,0.0,0.6,0.0,1.6,1.6,0.0,0.0,0.0,714.5,-16.899999999999977,2017,1
2017-02-01,8803.400000000001,130.7,130.7,0.0,0.0,8672.7,8094.1,78.7,0.0,8882.100000000002,9020.2,8954.0,3692.0,0.0,0.0,0.0,5212.5,1207.7,1292.9,448.0,1649.5,614.4,49.5,3.3,62.9,0.0,110.0,90.9,19.1,0.0,0.0,9130.2,-248.1000000000004,1449.4,28.5,28.5,0.0,0.0,1420.9,1355.5,2.5,0.0,1451.9,1456.2,1454.5,651.7,424.2000000000001,107.9,119.6,799.4,211.3,207.1,71.3,227.1,82.6,3.4000000000000004,0.9,0.8,0.0,3.6,3.6,0.0,0.0,0.0,1459.8,-7.899999999999864,2017,2
2017-03-01,8803.400000000001,130.7,130.7,0.0,0.0,8672.7,8094.1,78.7,0.0,8882.100000000002,9020.2,8954.0,3692.0,0.0,0.0,0.0,5212.5,1207.7,1292.9,448.0,1649.5,614.4,49.5,3.3,62.9,0.0,110.0,90.9,19.1,0.0,0.0,9130.2,-248.1000000000004,2163.2000000000003,28.5,28.5,0.0,0.0,2134.7000000000003,2027.7,2.6,0.0,2165.8,2258.0,2241.2,978.7,640.3,159.3,179.1,1254.4,309.7,316.9,107.0,382.9,137.9,8.1,1.0,15.8,0.0,7.5,7.5,0.0,0.0,0.0,2265.5,-99.69999999999982,2017,3
2017-09-01,8803.400000000001,130.7,130.7,0.0,0.0,8672.7,8094.1,78.7,0.0,8882.100000000002,9020.2,8954.0,3692.0,0.0,0.0,0.0,5212.5,1207.7,1292.9,448.0,1649.5,614.4,49.5,3.3,62.9,0.0,110.0,90.9,19.1,0.0,0.0,9130.2,-248.1000000000004,6761.500000000001,85.3,85.3,0.0,0.0,6676.200000000001,6285.8,21.6,0.0,6783.100000000001,6871.0,6822.7,2783.4,1807.5,472.7,503.2,4014.8,961.7,1013.4,333.3,1240.2000000000005,466.2,24.5,1.6,46.7,0.0,45.9,45.1,0.8,0.0,0.0,6916.9,-133.79999999999927,2017,9
2018-01-01,9303.0,110.0,110.0,0.0,0.0,9193.0,8594.0,112.0,0.0,9415.0,9507.0,9443.0,3968.0,0.0,0.0,0.0,5446.0,1259.0,1403.0,444.0,1720.0,620.0,29.0,1.0,63.0,0.0,160.0,0.0,0.0,0.0,0.0,9667.0,-252.0,750.6,0.0,0.0,0.0,0.0,750.6,702.9,2.3,0.0,752.9,748.0999999999999,742.5999999999999,325.5,228.2,37.9,59.4,414.6,109.3,98.2,37.7,122.4,47.0,2.5,0.0,5.5,0.0,0.3,0.3,0.0,0.0,0.0,748.3999999999999,4.5,2018,1
2018-02-01,9303.0,110.0,110.0,0.0,0.0,9193.0,8594.0,112.0,0.0,9415.0,9507.0,9443.0,3968.0,0.0,0.0,0.0,5446.0,1259.0,1403.0,444.0,1720.0,620.0,29.0,1.0,63.0,0.0,160.0,0.0,0.0,0.0,0.0,9667.0,-252.0,1515.4,39.4,39.4,0.0,0.0,1475.9999999999998,1414.3,2.9,0.0,1518.3,1517.4,1508.3000000000002,658.9,460.1,78.8,120.0,844.7000000000002,220.9,207.1000000000001,73.2,240.40000000000003,103.1,4.7,0.1,9.0,0.0,5.1,5.1,0.0,0.0,0.0,1522.5,-4.2000000000000455,2018,2
2018-08-01,9303.0,110.0,110.0,0.0,0.0,9193.0,8594.0,112.0,0.0,9415.0,9507.0,9443.0,3968.0,0.0,0.0,0.0,5446.0,1259.0,1403.0,444.0,1720.0,620.0,29.0,1.0,63.0,0.0,160.0,0.0,0.0,0.0,0.0,9667.0,-252.0,6202.6,91.4,91.4,0.0,0.0,6111.200000000001,5818.0,13.2,0.0,6215.8,6293.4,6239.099999999999,2534.1,1752.4,322.6,459.1,3681.8,892.7,847.6999999999997,303.7,1131.9,505.8,23.2,0.5,53.8,0.0,62.2,61.0,1.2,0.0,0.0,6355.599999999999,-139.79999999999927,2018,8
2019-10-01,9999.0,113.0,113.0,0.0,0.0,9886.0,9206.0,112.0,0.0,10111.0,10027.0,9945.0,4155.0,0.0,0.0,0.0,5756.0,1335.0,1351.0,474.0,1834.0,762.0,34.0,1.0,81.0,0.0,174.0,0.0,0.0,0.0,0.0,10201.0,-90.0,8019.9,89.3,89.3,0.0,0.0,7930.599999999999,7543.0,29.2,0.0,8049.099999999999,8503.2,8446.1,3501.4000000000005,2363.8,500.3,637.3,4925.6,1171.4,1159.2000000000005,365.9,1544.6999999999998,684.4,19.1,1.1,56.0,0.0,105.5,104.1,1.4,0.0,0.0,8608.7,-559.6000000000013,2019,10
2021-04-01,11298.812732683296,122.0,122.0,0.0,0.0,11176.812732683296,10515.237847,215.7,0.0,11514.512732683295,11310.584,11244.084,4813.837,3228.4,697.037,888.4,6412.047,1516.9,1418.1999999999998,289.3,2294.019,893.628,18.2,0.8,65.7,0.0,293.063,273.463,19.6,0.0,0.0,11603.647,-89.13426731670188,3637.8,27.3,27.3,0.0,0.0,3610.5,3516.0,14.9,0.0,3652.7,3872.1,3807.8,1695.1999999999998,1096.8,286.4,312.0,2109.4,492.4,527.6999999999999,101.1,683.3000000000001,304.9,3.2,0.6,63.7,0.0,45.9,45.8,0.1,0.0,0.0,3918.0,-265.2999999999993,2021,4
2022-05-01,11298.812732683296,122.0,122.0,0.0,0.0,11176.812732683296,10515.237847,215.7,0.0,11514.512732683295,11310.584,11244.084,4813.837,3228.4,697.037,888.4,6412.047,1516.9,1418.1999999999998,289.3,2294.019,893.628,18.2,0.8,65.7,0.0,293.063,273.463,19.6,0.0,0.0,11603.647,-89.13426731670188,4780.6,55.3,55.3,0.0,0.0,4725.3,4612.1,10.9,0.0,4791.5,5191.1,5165.900000000001,2182.6,1443.0,338.90000000000003,400.7,2982.0,737.4,809.1,57.4,915.2,462.9,1.3,0.7,24.5,0.0,45.2,44.9,0.3,0.0,0.0,5236.3,-444.8000000000002,2022,5
2022-08-01,12073.4843285783,113.3,113.3,0.0,0.0,11960.184328578302,11145.1,126.9,0.0,12200.3843285783,12686.765318900729,12551.265318900729,5204.1,3433.1,820.6999999999999,950.3,7345.965318900726,1706.21359638,1809.3324016702024,142.6,2594.819320850523,1093.0,1.2,0.7,134.8,0.0,634.5999999999999,589.3,45.3,0.0,0.0,13321.365318900727,-1120.9809903224268,8216.0,82.3,82.3,0.0,0.0,8133.7,7945.0,23.9,0.0,8239.9,8169.500000000001,8124.000000000001,3331.2000000000003,2175.4,544.4,611.4,4790.5,1157.6999999999998,1234.4999999999998,89.4,1556.5,752.4,2.3,1.1,44.4,0.0,87.0,86.6,0.4,0.0,0.0,8256.5,-16.600000000000364,2022,8
2022-09-01,12010.2,110.6,110.6,0.0,0.0,11899.6,11141.9,281.17613014,0.0,12291.37613014,12996.8,12795.600000000002,5247.9,3431.8,869.9000000000001,946.2,7520.700000000002,1701.8000000000002,1954.7000000000007,134.6,2575.8,1153.8,27.0,0.8,200.4,0.0,555.2,509.2,46.0,0.0,0.0,13552.000000000002,-1260.6238698600027,9151.990076,82.3,82.3,0.0,0.0,9069.690076,8855.4,34.9,0.0,9186.890076,9237.500000000002,9187.7,3777.0,2464.7,618.5,693.8,5408.200000000001,1297.6,1360.3,99.9,1783.3,867.1,2.5,1.2,48.6,0.0,112.5,112.1,0.4,0.0,0.0,9350.000000000002,-163.10992400000214,2022,9
2023-03-01,13649.292166,113.9,113.9,0.0,0.0,13535.392166,12320.892166,299.286947,0.0,13948.579113000002,13623.8,13355.3,5450.7,3583.1,867.1999999999999,1000.4,7871.700000000001,1727.6,1976.8,155.4,2735.0,1276.9,32.9,0.6,267.9,0.0,822.3,753.4,68.9,0.0,0.0,14446.1,-497.5208869999988,3166.2,28.2,28.2,0.0,0.0,3138.0,3041.0,16.5,0.0,3182.7,3208.1,3181.1,1448.9,936.9,245.7,266.3,1731.2999999999995,416.6,423.5999999999999,33.6,557.5,300.0,0.9,0.5,26.5,0.0,31.6,31.6,0.0,0.0,0.0,3239.7,-57.0,2023,3
2023-04-01,13649.292166,113.9,113.9,0.0,0.0,13535.392166,12320.892166,299.286947,0.0,13948.579113000002,13623.8,13355.3,5450.7,3583.1,867.1999999999999,1000.4,7871.700000000001,1727.6,1976.8,155.4,2735.0,1276.9,32.9,0.6,267.9,0.0,822.3,753.4,68.9,0.0,0.0,14446.1,-497.5208869999988,4202.9,28.2,28.2,0.0,0.0,4174.7,4039.0,19.6,0.0,4222.5,4289.5,4253.299999999999,1921.2,1245.0,322.40000000000003,353.8,2330.7,555.3,572.1999999999999,44.8,757.9,400.5,1.4,0.6,35.6,0.0,43.5,43.5,0.0,0.0,0.0,4333.0,-110.5,2023,4
2023-09-01,13637.8,105.6,105.6,0.0,0.0,13532.2,12730.3,146.7,0.0,13784.5,13868.500000000002,13593.1,5700.700000000001,3655.3,995.3,1050.1,7842.4,1701.8,1850.2000000000005,134.6,2870.4,1285.4,50.0,0.7,274.70000000000005,0.0,692.9,668.3,24.6,0.0,0.0,14561.4,-776.9000000000015,9672.404875269998,85.3,85.3,0.0,0.0,9587.10487527,9164.8,56.0,0.0,9728.404875269998,9876.4,9767.7,4187.799999999999,2677.8,743.5999999999999,766.4,5576.8,1270.7,1318.4,101.0,1925.8,960.9,3.1,2.2,106.5,0.0,199.9,186.1,13.8,0.0,0.0,10076.3,-347.89512473000104,2023,9
2023-12-01,13803.5,105.6,105.6,0.0,0.0,13697.9,12581.0,146.70000000000002,0.0,13950.2,13871.500000000002,13596.1,5700.700000000001,3655.3,995.3,1050.1,7845.4,1704.8,1850.2000000000005,134.6,2870.4,1285.4,50.0,0.7,274.70000000000005,0.0,692.9,668.3,24.6,0.0,0.0,14564.4,-614.2000000000007,13524.80487527,117.0,117.0,0.0,0.0,13407.80487527,12765.3,100.8,0.0,13625.60487527,13698.6,13548.7,5803.2,3726.8,1007.7,1068.7,7741.700000000001,1718.0,1817.7000000000005,134.8,2735.2,1336.0,3.8,3.6,146.3,0.0,362.1,341.5,20.6,0.0,0.0,14060.7,-435.09512473000177,2023,12
2024-06-01,14525.2,106.5,106.5,0.0,0.0,14418.7,13556.0,563.5,0.0,15088.7,14283.825,14183.225,6200.025,4043.9,1010.9,1145.225,7963.199999999999,1719.3,1850.2000000000005,144.2,2956.4999999999995,1293.0,20.0,0.6,100.0,0.0,804.9000000000001,774.2,30.7,0.0,0.0,15088.725,-0.0249999999978172,6942.59689509,54.0,54.0,0.0,0.0,6888.59689509,6638.3,38.1,0.0,6980.69689509,6959.1,6868.5,3038.0,1974.1,511.3,552.6,3826.5,879.3000000000001,887.2000000000002,74.5,1334.1999999999998,651.3,4.0,1.5,89.1,0.0,126.2,112.7,13.5,0.0,0.0,7085.3,-104.60310491000018,2024,6
2025-01-01,15951.58,128.6,0.0,128.6,0.0,15822.98,14366.58,578.4,0.0,16529.98,16168.800625000002,0.0,7055.100625000001,4468.45,1256.9,1329.750625,8889.300000000001,1897.2,2040.6000000000008,180.4,3346.4,1424.7,21.6,0.5,202.3,0.0,578.4000000000001,334.40000000000003,244.0,0.0,0.0,16747.200625,-217.2206250000017,1175.9,0.0,0.0,0.0,0.0,1175.9,1146.7,7.9,0.0,1183.8000000000002,1230.3,0.0,601.1,381.6,108.89999999999998,110.6,616.3,157.39999999999998,139.39999999999995,24.700000000000003,195.8,99.0,0.5,0.2,12.2,0.0,3.7,3.5,0.2,0.0,0.0,1234.0,-50.19999999999982,2025,1
2025-03-01,15951.58,128.6,0.0,128.6,0.0,15822.98,14366.58,578.4,0.0,16529.98,16168.800625000002,0.0,7055.100625000001,4468.45,1256.9,1329.750625,8889.300000000001,1897.2,2040.6000000000008,180.4,3346.4,1424.7,21.6,0.5,202.3,0.0,578.4000000000001,334.40000000000003,244.0,0.0,0.0,16747.200625,-217.2206250000017,3607.4971014,30.3,0.0,30.3,0.0,3577.1971014,3484.8,40.9,0.0,3648.3971014,3806.4,0.0,1792.7999999999995,1180.6999999999998,283.0,329.1,1969.1,480.0,462.9,53.8,631.4999999999999,340.9,0.1,0.7,43.7,0.0,41.6,37.3,4.3,0.0,0.0,3848.0,-199.6028985999997,2025,3
2025-10-01,15951.58,128.6,0.0,128.6,0.0,15822.98,14366.58,578.4,0.0,16529.98,16168.800625000002,0.0,7055.100625000001,4468.45,1256.9,1329.750625,8889.300000000001,1897.2,2040.6000000000008,180.4,3346.4,1424.7,21.6,0.5,202.3,0.0,578.4000000000001,334.40000000000003,244.0,0.0,0.0,16747.200625,-217.2206250000017,12224.844597839998,90.3,0.0,90.3,0.0,12134.544597839998,11680.4,159.79999999999998,0.0,12384.644597839995,13318.5,0.0,5872.9,3838.1,954.1,1080.7,7246.2,1678.4,1631.3000000000002,192.2,2521.3,1223.0,2.0,4.2,193.2,0.0,312.8,231.1,81.7,0.0,0.0,13631.3,-1246.6554021600025,2025,10
2016-03-01,8691.0,104.0,104.0,0.0,0.0,8587.0,7943.0,63.0,0.0,8754.0,8822.900000000001,8780.800000000001,3591.0,0.0,0.0,0.0,5145.7,1187.0,1300.4,447.9,1577.2,633.2,44.1,4.2,37.9,0.0,109.8,105.8,4.0,0.0,0.0,8932.7,-178.70000000000073,2095.0,27.9,27.9,0.0,0.0,2067.1,1969.7,6.7,0.0,2101.7,2176.5,2162.1,930.8,619.4,137.70000000000002,173.7,1221.6999999999998,306.9,300.2,90.4,390.3,133.9,9.6,1.4,13.0,0.0,17.1,17.0,0.1,0.0,0.0,2193.6,-91.90000000000008,2016,3
2016-06-01,8691.0,104.0,104.0,0.0,0.0,8587.0,7943.0,63.0,0.0,8754.0,8822.900000000001,8780.800000000001,3591.0,0.0,0.0,0.0,5145.7,1187.0,1300.4,447.9,1577.2,633.2,44.1,4.2,37.9,0.0,109.8,105.8,4.0,0.0,0.0,8932.7,-178.70000000000073,4288.500000000001,58.6,58.6,0.0,0.0,4229.900000000001,3949.3,14.8,0.0,4303.300000000001,4268.700000000001,4226.1,1710.4,1126.3,270.2,313.9,2496.8,624.2,631.1,180.8,768.8000000000001,291.9,18.9,3.8,38.8,0.0,39.3,38.9,0.4,0.0,0.0,4308.000000000001,-4.699999999999818,2016,6
2016-10-01,8691.0,104.0,104.0,0.0,0.0,8587.0,7943.0,63.0,0.0,8754.0,8822.900000000001,8780.800000000001,3591.0,0.0,0.0,0.0,5145.7,1187.0,1300.4,447.9,1577.2,633.2,44.1,4.2,37.9,0.0,109.8,105.8,4.0,0.0,0.0,8932.7,-178.70000000000073,7220.900000000001,81.7,81.7,0.0,0.0,7139.200000000001,6670.7,16.8,0.0,7237.700000000001,7324.200000000001,7263.900000000001,2985.1000000000004,1973.6,463.2000000000001,548.3,4247.8,1029.0,1093.3,317.3,1288.1,520.1,31.0,6.2,54.1,0.0,73.80000000000001,73.4,0.4,0.0,0.0,7398.000000000001,-160.30000000000018,2016,10
2017-04-01,8803.400000000001,130.7,130.7,0.0,0.0,8672.7,8094.1,78.7,0.0,8882.100000000002,9020.2,8954.0,3692.0,0.0,0.0,0.0,5212.5,1207.7,1292.9,448.0,1649.5,614.4,49.5,3.3,62.9,0.0,110.0,90.9,19.1,0.0,0.0,9130.2,-248.1000000000004,2867.6,29.1,29.1,0.0,0.0,2838.5,2703.0,4.3,0.0,2871.9,3029.1000000000004,3006.9000000000005,1299.9,856.4,205.6,237.9,1698.2,426.3,433.0,141.1,507.3,190.5,8.8,1.1,21.1,0.0,11.2,11.0,0.2,0.0,0.0,3040.3,-168.4000000000001,2017,4
2017-11-01,8803.400000000001,130.7,130.7,0.0,0.0,8672.7,8094.1,78.7,0.0,8882.100000000002,9020.2,8954.0,3692.0,0.0,0.0,0.0,5212.5,1207.7,1292.9,448.0,1649.5,614.4,49.5,3.3,62.9,0.0,110.0,90.9,19.1,0.0,0.0,9130.2,-248.1000000000004,8178.0,114.3,114.3,0.0,0.0,8063.7,7599.3,26.0,0.0,8204.0,8553.900000000001,8500.800000000001,3500.3,2283.4,579.5,637.4,4963.900000000001,1179.7,1237.7,417.6,1545.1,583.8,36.6,2.0,51.1,0.0,72.89999999999999,70.8,2.1,0.0,0.0,8626.800000000001,-422.7999999999993,2017,11
2018-05-01,9303.0,110.0,110.0,0.0,0.0,9193.0,8594.0,112.0,0.0,9415.0,9507.0,9443.0,3968.0,0.0,0.0,0.0,5446.0,1259.0,1403.0,444.0,1720.0,620.0,29.0,1.0,63.0,0.0,160.0,0.0,0.0,0.0,0.0,9667.0,-252.0,3856.6,62.9,62.9,0.0,0.0,3793.7,3622.2,7.5,0.0,3864.1,3957.900000000001,3922.6,1662.9,1168.5,190.9,303.5,2248.3,551.1,526.5000000000001,187.6,684.3000000000001,298.8,11.4,0.8,34.5,0.0,28.7,28.0,0.7,0.0,0.0,3986.6,-122.5,2018,5
2018-11-01,9552.0,110.0,110.0,0.0,0.0,9442.0,8812.0,109.0,0.0,9661.0,9748.0,9672.0,4023.0,0.0,0.0,0.0,5617.0,1303.0,1306.0,468.0,1795.0,745.0,32.0,1.0,75.0,0.0,151.0,0.0,0.0,0.0,0.0,9899.0,-238.0,8518.1,119.8,119.8,0.0,0.0,8398.300000000001,7954.0,21.3,0.0,8539.4,9023.7,8956.0,3709.8,2574.3,456.5,679.0,5216.200000000001,1230.1999999999998,1221.2000000000005,421.4,1631.7,711.7,30.0,0.7,67.0,0.0,97.7,95.5,2.2,0.0,0.0,9121.4,-582.0000000000018,2018,11
2020-10-01,10931.338501000002,115.2,115.2,0.0,0.0,10816.0,10381.357098,55.7,0.0,10987.038501000005,11018.604463065,10896.7,4624.799999999999,3774.0,0.0,850.8,6252.4,1432.82,1305.05,326.61981193500003,2320.3,867.6,19.5,0.7,121.2,0.0,252.3,252.1,0.2,0.0,0.0,11270.904463065,-283.8659620649978,9029.75147974,77.9,77.9,0.0,0.0,8951.9,8596.1,38.8,0.0,9068.55147974,8894.500000000002,8777.1,3713.7,2490.7,548.4,674.6,5061.3,1219.9,1124.4,254.6,1730.6999999999998,731.7,2.1,1.2,116.2,0.0,217.0,216.8,0.2,0.0,0.0,9111.500000000002,-42.948520260002624,2020,10
2020-11-01,10931.338501000002,115.2,115.2,0.0,0.0,10816.0,10381.357098,55.7,0.0,10987.038501000005,11018.604463065,10896.7,4624.799999999999,3774.0,0.0,850.8,6252.4,1432.82,1305.05,326.61981193500003,2320.3,867.6,19.5,0.7,121.2,0.0,252.3,252.1,0.2,0.0,0.0,11270.904463065,-283.8659620649978,10012.751479740002,102.1,102.1,0.0,0.0,9910.7,9529.1,38.6,0.0,10051.351479740002,10026.899999999998,9900.1,4248.099999999999,2863.7,607.8,776.6,5649.6,1343.2,1253.0,280.1,1955.7,817.6,2.4,1.3,125.5,0.0,242.6,242.4,0.2,0.0,0.0,10269.499999999998,-218.14852025999608,2020,11
2022-04-01,11298.812732683296,122.0,122.0,0.0,0.0,11176.812732683296,10515.237847,215.7,0.0,11514.512732683295,11310.584,11244.084,4813.837,3228.4,697.037,888.4,6412.047,1516.9,1418.1999999999998,289.3,2294.019,893.628,18.2,0.8,65.7,0.0,293.063,273.463,19.6,0.0,0.0,11603.647,-89.13426731670188,3719.0,30.0,30.0,0.0,0.0,3689.0,3598.1,8.7,0.0,3727.7,4159.900000000001,4142.8,1745.5000000000002,1150.7,272.6,322.2,2396.3,608.1,667.4000000000002,46.8,703.6,370.4,1.0,0.6,16.5,0.0,29.2,29.0,0.2,0.0,0.0,4189.1,-461.40000000000055,2022,4
2023-01-01,13649.292166,113.9,113.9,0.0,0.0,13535.392166,12320.892166,299.286947,0.0,13948.579113000002,13623.8,13355.3,5450.7,3583.1,867.1999999999999,1000.4,7871.700000000001,1727.6,1976.8,155.4,2735.0,1276.9,32.9,0.6,267.9,0.0,822.3,753.4,68.9,0.0,0.0,14446.1,-497.5208869999988,1055.9,3.0,3.0,0.0,0.0,1052.9,1024.4,8.8,0.0,1064.7,1020.3,1015.1,478.2000000000001,308.3,81.8,88.1,536.4,145.8,145.1,11.1,148.39999999999998,86.0,0.5,0.1,5.1,0.0,3.3,3.3,0.0,0.0,0.0,1023.6,41.10000000000002,2023,1
2023-11-01,13803.5,105.6,105.6,0.0,0.0,13697.9,12581.0,146.70000000000002,0.0,13950.2,13871.500000000002,13596.1,5700.700000000001,3655.3,995.3,1050.1,7845.4,1704.8,1850.2000000000005,134.6,2870.4,1285.4,50.0,0.7,274.70000000000005,0.0,692.9,668.3,24.6,0.0,0.0,14564.4,-614.2000000000007,12230.50487527,113.6,113.6,0.0,0.0,12116.904875269998,11602.9,70.5,0.0,12301.00487527,12362.299999999996,12229.999999999998,5297.2,3404.7,918.0,974.5,6929.199999999999,1575.5000000000002,1611.2999999999995,123.5,2430.4999999999995,1188.4,3.6,3.0,129.3,0.0,274.2,257.4,16.8,0.0,0.0,12636.499999999998,-335.4951247299996,2023,11
2024-01-01,14525.2,106.5,106.5,0.0,0.0,14418.7,13556.0,563.5,0.0,15088.7,14283.795,14183.195,6199.995000000001,4043.9,1010.87,1145.225,7963.199999999999,1719.3,1850.2000000000005,144.2,2956.4999999999995,1293.0,20.0,0.6,100.0,0.0,804.9000000000001,774.2,30.7,0.0,0.0,15088.695,0.0050000000010186,1124.1,0.0,0.0,0.0,0.0,1124.1,1099.1,2.0,0.0,1126.1,1082.8299999999997,1077.13,521.0,337.7,87.5,95.8,555.8299999999999,148.1,134.72999999999993,13.2,167.39999999999998,92.4,0.3,0.1,5.6,0.0,1.8,1.8,0.0,0.0,0.0,1084.6299999999997,41.470000000000255,2024,1
2024-08-01,14525.2,106.5,106.5,0.0,0.0,14418.7,13556.0,563.5,0.0,15088.7,14283.8,0.0,6200.0,4043.9,1010.9,1145.2,7963.199999999999,1719.3,1850.2000000000005,144.2,2956.4999999999995,1293.0,20.0,0.6,100.0,0.0,804.9000000000001,774.2,30.7,0.0,0.0,15088.7,0.0,9260.69689509,82.2,82.2,0.0,0.0,9178.496895089998,8844.5,52.3,0.0,9312.996895089998,9461.4,0.0,4144.8,2700.4,690.2,754.2,5185.4,1184.2,1191.7,101.8,1826.7,881.0,4.9,2.0,124.3,0.0,183.6,166.7,16.9,0.0,0.0,9645.0,-332.00310491000164,2024,8
2024-11-01,14525.2,106.5,106.5,0.0,0.0,14418.7,13556.0,563.5,0.0,15088.7,14283.8,0.0,6200.0,4043.9,1010.9,1145.2,7963.199999999999,1719.3,1850.2000000000005,144.2,2956.4999999999995,1293.0,20.0,0.6,100.0,0.0,804.9000000000001,774.2,30.7,0.0,0.0,15088.7,0.0,12793.36276408,108.5,108.5,0.0,0.0,12684.86276408,12182.5,106.5,0.0,12899.86276408,13564.499999999998,0.0,5947.799999999999,3859.5,995.4,1092.9,7413.799999999999,1654.4,1713.3999999999996,144.1,2664.0000000000005,1237.9,5.6,2.9,194.4,0.0,274.90000000000003,257.3,17.6,0.0,0.0,13839.399999999998,-939.5372359199991,2024,11
2025-06-01,15951.58,128.6,0.0,128.6,0.0,15822.98,14366.58,578.4,0.0,16529.98,16168.800625000002,0.0,7055.100625000001,4468.45,1256.9,1329.750625,8889.300000000001,1897.2,2040.6000000000008,180.4,3346.4,1424.7,21.6,0.5,202.3,0.0,578.4000000000001,334.40000000000003,244.0,0.0,0.0,16747.200625,-217.2206250000017,7279.236255139998,60.1,0.0,60.1,0.0,7219.136255139998,7015.2,77.9,0.0,7357.136255139998,7631.0,0.0,3420.6,2230.0,564.0,626.6,4109.6,987.2,970.3000000000004,99.9,1344.3000000000002,707.9,0.7,2.9,97.2,0.0,145.7,118.1,27.6,0.0,0.0,7776.7,-419.56374486000186,2025,6
2025-07-01,15951.58,128.6,0.0,128.6,0.0,15822.98,14366.58,578.4,0.0,16529.98,16168.800625000002,0.0,7055.100625000001,4468.45,1256.9,1329.750625,8889.300000000001,1897.2,2040.6000000000008,180.4,3346.4,1424.7,21.6,0.5,202.3,0.0,578.4000000000001,334.40000000000003,244.0,0.0,0.0,16747.200625,-217.2206250000017,8515.023395889999,63.3,0.0,63.3,0.0,8451.72339589,8209.4,84.60000000000001,0.0,8599.62339589,9102.3,0.0,4046.6,2630.0,674.5999999999999,742.0,4919.400000000001,1155.0,1130.8,115.8,1682.8000000000002,835.0,1.2,3.4,131.7,0.0,182.6,141.3,41.3,0.0,0.0,9284.9,-685.2766041100022,2025,7
2025-11-01,15951.58,128.6,0.0,128.6,0.0,15822.98,14366.58,578.4,0.0,16529.98,16168.800625000002,0.0,7055.100625000001,4468.45,1256.9,1329.750625,8889.300000000001,1897.2,2040.6000000000008,180.4,3346.4,1424.7,21.6,0.5,202.3,0.0,578.4000000000001,334.40000000000003,244.0,0.0,0.0,16747.200625,-217.2206250000017,14162.20520483,120.2,0.0,120.2,0.0,14042.00520483,13501.6,188.8,0.0,14351.00520483,14929.5,0.0,6559.9,4301.0,1042.5,1216.4,8144.900000000001,1863.4,1799.1,206.8,2919.8,1355.8,6.3,4.6,213.8,0.0,358.6,262.8,95.8,0.0,0.0,15288.1,-937.0947951700018,2025,11
2016-05-01,8691.0,104.0,104.0,0.0,0.0,8587.0,7943.0,63.0,0.0,8754.0,8822.900000000001,8780.800000000001,3591.0,0.0,0.0,0.0,5145.7,1187.0,1300.4,447.9,1577.2,633.2,44.1,4.2,37.9,0.0,109.8,105.8,4.0,0.0,0.0,8932.7,-178.70000000000073,3553.2,58.6,58.6,0.0,0.0,3494.6,3273.6,14.9,0.0,3568.1,3656.6,3624.4,1552.4,1034.0,228.9,289.5,2055.7,518.5,518.0,150.6,634.2,234.4,16.3,2.3,29.9,0.0,30.3,30.2,0.1,0.0,0.0,3686.900000000001,-118.80000000000018,2016,5
2016-07-01,8691.0,104.0,104.0,0.0,0.0,8587.0,7943.0,63.0,0.0,8754.0,8822.900000000001,8780.800000000001,3591.0,0.0,0.0,0.0,5145.7,1187.0,1300.4,447.9,1577.2,633.2,44.1,4.2,37.9,0.0,109.8,105.8,4.0,0.0,0.0,8932.7,-178.70000000000073,5059.0,58.6,58.6,0.0,0.0,5000.4,4684.8,29.7,0.0,5088.7,5038.400000000001,4991.200000000001,2032.3,1340.1,319.0,373.2,2936.3,725.8,739.7,219.2,901.6,350.0,22.6,4.0,43.2,0.0,48.6,48.2,0.4,0.0,0.0,5087.000000000001,1.699999999999818,2016,7
2016-08-01,8691.0,104.0,104.0,0.0,0.0,8587.0,7943.0,63.0,0.0,8754.0,8822.900000000001,8780.800000000001,3591.0,0.0,0.0,0.0,5145.7,1187.0,1300.4,447.9,1577.2,633.2,44.1,4.2,37.9,0.0,109.8,105.8,4.0,0.0,0.0,8932.7,-178.70000000000073,5787.099999999999,87.1,87.1,0.0,0.0,5699.999999999999,5338.2,19.2,0.0,5806.299999999999,5771.800000000001,5722.6,2348.1,1550.1,366.7,431.3,3348.9000000000005,829.2,846.6,251.5,1030.8,390.8,25.6,4.6,44.6,0.0,54.5,54.1,0.4,0.0,0.0,5826.300000000001,-20.0,2016,8
2016-12-01,8691.0,104.0,104.0,0.0,0.0,8587.0,7943.0,63.0,0.0,8754.0,8822.900000000001,8780.800000000001,3591.0,0.0,0.0,0.0,5145.7,1187.0,1300.4,447.9,1577.2,633.2,44.1,4.2,37.9,0.0,109.8,105.8,4.0,0.0,0.0,8932.7,-178.70000000000073,8915.2,108.4,108.4,0.0,0.0,8806.800000000001,8178.8,27.4,0.0,8942.6,9137.399999999998,9062.7,3654.7,2404.9,578.9999999999999,670.8,5373.6,1243.5,1369.7490663000003,444.0509337,1650.8,665.5,34.39999999999999,6.8,67.89999999999999,0.0,106.3,105.5,0.8,0.0,0.0,9243.699999999995,-301.1000000000004,2016,12
2017-05-01,8803.400000000001,130.7,130.7,0.0,0.0,8672.7,8094.1,78.7,0.0,8882.100000000002,9020.2,8954.0,3692.0,0.0,0.0,0.0,5212.5,1207.7,1292.9,448.0,1649.5,614.4,49.5,3.3,62.9,0.0,110.0,90.9,19.1,0.0,0.0,9130.2,-248.1000000000004,3696.900000000001,56.2,56.2,0.0,0.0,3640.7000000000007,3424.0,7.1,0.0,3704.000000000001,3836.3,3809.8,1623.1,1069.7,256.2,297.2,2162.2,527.6,537.5,184.6,665.9000000000001,246.6,24.5,1.2,25.3,0.0,18.2,18.0,0.2,0.0,0.0,3854.5,-150.5,2017,5
2017-06-01,8803.400000000001,130.7,130.7,0.0,0.0,8672.7,8094.1,78.7,0.0,8882.100000000002,9020.2,8954.0,3692.0,0.0,0.0,0.0,5212.5,1207.7,1292.9,448.0,1649.5,614.4,49.5,3.3,62.9,0.0,110.0,90.9,19.1,0.0,0.0,9130.2,-248.1000000000004,4449.200000000001,56.2,56.2,0.0,0.0,4393.000000000001,4130.2,15.3,0.0,4464.500000000001,4470.599999999999,4432.799999999999,1798.4,1153.6,323.5,321.3,2619.0,637.9,650.3000000000001,222.0,807.5,301.3,15.4,1.3,36.5,0.0,23.6,23.3,0.3,0.0,0.0,4494.2,-29.69999999999981,2017,6
2017-07-01,8803.400000000001,130.7,130.7,0.0,0.0,8672.7,8094.1,78.7,0.0,8882.100000000002,9020.2,8954.0,3692.0,0.0,0.0,0.0,5212.5,1207.7,1292.9,448.0,1649.5,614.4,49.5,3.3,62.9,0.0,110.0,90.9,19.1,0.0,0.0,9130.2,-248.1000000000004,5217.1,56.7,56.7,0.0,0.0,5160.400000000001,4857.5,17.900000000000002,0.0,5235.0,5280.899999999999,5240.099999999999,2127.7,1378.4,367.1,382.2,3092.6,747.0,764.5,260.0,964.4,356.7,19.8,1.4,39.4,0.0,37.1,36.7,0.4,0.0,0.0,5317.999999999999,-83.0,2017,7
2017-10-01,8803.400000000001,130.7,130.7,0.0,0.0,8672.7,8094.1,78.7,0.0,8882.100000000002,9020.2,8954.0,3692.0,0.0,0.0,0.0,5212.5,1207.7,1292.9,448.0,1649.5,614.4,49.5,3.3,62.9,0.0,110.0,90.9,19.1,0.0,0.0,9130.2,-248.1000000000004,7462.299999999999,85.7,85.7,0.0,0.0,7376.599999999999,6955.5,23.4,0.0,7485.699999999999,7670.200000000001,7617.700000000001,3109.5,2020.0,526.3,563.2,4482.900000000001,1070.3,1125.9,373.8,1389.8,523.1,25.3,1.8,50.7,0.0,58.4,56.5,1.9,0.0,0.0,7728.6,-242.9000000000005,2017,10
2018-07-01,9303.0,110.0,110.0,0.0,0.0,9193.0,8594.0,112.0,0.0,9415.0,9507.0,9443.0,3968.0,0.0,0.0,0.0,5446.0,1259.0,1403.0,444.0,1720.0,620.0,29.0,1.0,63.0,0.0,160.0,0.0,0.0,0.0,0.0,9667.0,-252.0,5399.099999999999,63.5,63.5,0.0,0.0,5335.599999999999,5084.9,12.1,0.0,5411.2,5485.099999999999,5440.5,2195.6,1519.3,280.0,396.3,3224.8,778.2,750.4000000000001,265.6,994.4,436.2,20.1,0.4,44.2,0.0,50.9,49.8,1.1,0.0,0.0,5535.999999999999,-124.80000000000018,2018,7
2018-09-01,9303.0,110.0,110.0,0.0,0.0,9193.0,8594.0,112.0,0.0,9415.0,9507.0,9443.0,3968.0,0.0,0.0,0.0,5446.0,1259.0,1403.0,444.0,1720.0,620.0,29.0,1.0,63.0,0.0,160.0,0.0,0.0,0.0,0.0,9667.0,-252.0,6955.3,91.4,91.4,0.0,0.0,6863.900000000001,6509.1,14.7,0.0,6970.0,7126.016907249999,7067.516907249999,2877.2,1985.8,368.6,522.8,4165.41690725,1001.9,993.5,343.0,1260.51690725,566.5,24.9,0.5,58.0,0.0,70.6,68.6,2.0,0.0,0.0,7196.61690725,-226.6169072499997,2018,9
2019-02-01,9999.0,113.0,113.0,0.0,0.0,9886.0,9206.0,112.0,0.0,10111.0,10027.0,9945.0,4155.0,0.0,0.0,0.0,5756.0,1335.0,1351.0,474.0,1834.0,762.0,34.0,1.0,81.0,0.0,174.0,0.0,0.0,0.0,0.0,10201.0,-90.0,1610.1999999999998,29.8,29.8,0.0,0.0,1580.4,1509.8,2.0,0.0,1612.1999999999998,1570.2999999999995,1562.1999999999998,698.2,474.7,95.8,127.7,860.4999999999999,231.9,205.10000000000005,76.9,242.7,103.9,3.5,0.1,8.0,0.0,7.5,7.1,0.4,0.0,0.0,1577.7999999999995,34.40000000000009,2019,2
2019-04-01,9999.0,113.0,113.0,0.0,0.0,9886.0,9206.0,112.0,0.0,10111.0,10027.0,9945.0,4155.0,0.0,0.0,0.0,5756.0,1335.0,1351.0,474.0,1834.0,762.0,34.0,1.0,81.0,0.0,174.0,0.0,0.0,0.0,0.0,10201.0,-90.0,3165.8,30.7,30.7,0.0,0.0,3135.1,2994.2,5.4,0.0,3171.2,3289.4,3270.4,1419.2,969.0,189.7,260.5,1841.5,462.9,442.3,153.8,541.7,240.8,9.7,0.2,18.8,0.0,19.7,19.2,0.5,0.0,0.0,3309.1,-137.9,2019,4
2019-08-01,9999.0,113.0,113.0,0.0,0.0,9886.0,9206.0,112.0,0.0,10111.0,10027.0,9945.0,4155.0,0.0,0.0,0.0,5756.0,1335.0,1351.0,474.0,1834.0,762.0,34.0,1.0,81.0,0.0,174.0,0.0,0.0,0.0,0.0,10201.0,-90.0,6428.8,88.7,88.7,0.0,0.0,6340.1,6052.4,24.4,0.0,6453.2,6628.299999999999,6579.5,2726.5,1835.9,396.7,493.9,3828.2,937.8,890.0999999999997,309.5,1168.4,522.4,24.8,0.4,48.4,0.0,60.5,59.1,1.4,0.0,0.0,6688.799999999999,-235.59999999999943,2019,8
2020-01-01,10978.9,136.9,136.9,0.0,0.0,10842.0,10289.6,120.1,0.0,11099.0,10902.7,10843.1,4547.0,3680.6,0.0,866.5,6268.9,1499.6,1534.7,319.3,2034.6,880.7,27.2,1.6,58.0,0.0,196.3,180.4,15.9,0.0,0.0,11099.1,0.0,878.9,0.0,0.0,0.0,0.0,878.9,848.2,2.6,0.0,881.5,820.4999999999999,816.8999999999999,384.2,261.0,52.7,70.5,432.3999999999999,120.7,109.09999999999997,25.0,116.4,61.2,0.3,0.1,3.5,0.0,2.4,2.4,0.0,0.0,0.0,822.8999999999999,58.600000000000136,2020,1
2020-02-01,10978.911773391132,136.9,136.9,0.0,0.0,10842.011773391134,10289.633537290005,120.1,0.0,11099.011773391134,10902.736377385896,10843.122106399533,4547.0,3680.55,0.0,866.45,6268.9168177995325,1499.6153847347732,1534.6800344641126,319.258381,2034.64558938466,880.7174282159872,27.205288600000003,1.6363636363636362,57.97790735,0.0,196.32,180.42,15.9,0.0,0.0,11099.056377385896,-0.0446039947619283,1790.7,29.0,29.0,0.0,0.0,1761.7,1702.4,3.9,0.0,1794.6,1689.6000000000004,1682.3000000000002,771.8000000000001,522.7,106.6,142.5,910.2000000000002,245.4,226.8000000000001,49.2,258.20000000000005,130.6,0.3,0.4,6.9,0.0,8.2,8.2,0.0,0.0,0.0,1697.8000000000004,96.79999999999971,2020,2
2020-05-01,10978.911773391132,136.9,136.9,0.0,0.0,10842.011773391134,10289.633537290005,120.1,0.0,11099.011773391134,10902.736377385896,10843.122106399533,4547.0,3680.55,0.0,866.45,6268.9168177995325,1499.6153847347732,1534.6800344641126,319.258381,2034.64558938466,880.7174282159872,27.205288600000003,1.6363636363636362,57.97790735,0.0,196.32,180.42,15.9,0.0,0.0,11099.056377385896,-0.0446039947619283,4640.3,57.2,57.2,0.0,0.0,4583.1,4405.4,20.8,0.0,4661.1,4500.000000000001,4402.1,1931.8,1307.8,267.90000000000003,356.1,2468.6000000000004,640.5000000000001,529.4,126.9,818.9,352.9,1.7,0.8,97.1,0.0,91.8,91.8,0.0,0.0,0.0,4591.800000000001,69.29999999999927,2020,5
2020-06-01,10978.911773391132,136.9,136.9,0.0,0.0,10842.011773391134,10289.633537290005,120.1,0.0,11099.011773391134,10902.736377385896,10843.122106399533,4547.0,3680.55,0.0,866.45,6268.9168177995325,1499.6153847347732,1534.6800344641126,319.258381,2034.64558938466,880.7174282159872,27.205288600000003,1.6363636363636362,57.97790735,0.0,196.32,180.42,15.9,0.0,0.0,11099.056377385896,-0.0446039947619283,5478.0,57.2,57.2,0.0,0.0,5420.8,5223.4,28.7,0.0,5506.7,5172.8,5071.2,2140.7,1430.0,325.5,385.2,2928.6000000000004,746.3000000000002,634.5000000000001,152.4,977.4,418.0,1.9,0.8,100.8,0.0,109.7,109.7,0.0,0.0,0.0,5282.5,224.19999999999985,2020,6
2021-02-01,11298.812732683296,122.0,122.0,0.0,0.0,11176.812732683296,10515.237847,215.7,0.0,11514.512732683295,11310.584,11244.084,4813.837,3228.4,697.037,888.4,6412.047,1516.9,1418.1999999999998,289.3,2294.019,893.628,18.2,0.8,65.7,0.0,293.063,273.463,19.6,0.0,0.0,11603.647,-89.13426731670188,1809.7000000000005,27.3,27.3,0.0,0.0,1782.4000000000003,1733.4,4.2,0.0,1813.9000000000003,1863.3,1814.0,849.5,545.2,147.6,156.7,963.9,245.6,258.1,50.8,269.9,139.5,0.6,0.1,49.2,0.0,13.5,13.5,0.0,0.0,0.0,1876.8,-62.89999999999941,2021,2
2021-06-01,11298.812732683296,122.0,122.0,0.0,0.0,11176.812732683296,10515.237847,215.7,0.0,11514.512732683295,11310.584,11244.084,4813.837,3228.4,697.037,888.4,6412.047,1516.9,1418.1999999999998,289.3,2294.019,893.628,18.2,0.8,65.7,0.0,293.063,273.463,19.6,0.0,0.0,11603.647,-89.13426731670188,5519.75857189,27.5,27.5,0.0,0.0,5492.25857189,5324.9,25.8,0.0,5545.55857189,5663.999999999999,5572.599999999999,2347.2,1505.6,421.1,420.5,3223.5,737.1,801.2,149.1,1068.4,467.7,1.9,0.9,90.5,0.0,81.8,81.7,0.1,0.0,0.0,5745.799999999999,-200.2414281099991,2021,6
2021-08-01,11298.812732683296,122.0,122.0,0.0,0.0,11176.812732683296,10515.237847,215.7,0.0,11514.512732683295,11310.584,11244.084,4813.837,3228.4,697.037,888.4,6412.047,1516.9,1418.1999999999998,289.3,2294.019,893.628,18.2,0.8,65.7,0.0,293.063,273.463,19.6,0.0,0.0,11603.647,-89.13426731670188,7589.346105580001,51.0,51.0,0.0,0.0,7538.346105580001,7157.0,31.0,0.0,7620.346105580001,7665.9,7561.7,3207.2,2061.2,566.5999999999999,579.4,4352.0,993.2,1075.6,179.2,1472.3,631.7,2.5,1.2,103.0,0.0,121.8,121.6,0.2,0.0,0.0,7787.7,-167.35389441999905,2021,8
2021-11-01,11298.812732683296,122.0,122.0,0.0,0.0,11176.812732683296,10515.237847,215.7,0.0,11514.512732683295,11310.584,11244.084,4813.837,3228.4,697.037,888.4,6412.047,1516.9,1418.1999999999998,289.3,2294.019,893.628,18.2,0.8,65.7,0.0,293.063,273.463,19.6,0.0,0.0,11603.647,-89.13426731670188,10445.24610558,103.0,103.0,0.0,0.0,10342.24610558,9817.1,51.2,0.0,10496.44610558,10951.0,10834.5,4611.0,2998.1000000000004,770.4,842.5,6220.5,1381.1,1568.7,242.2,2121.4,907.1,3.0,1.9,114.6,0.0,173.1,172.7,0.4,0.0,0.0,11124.1,-627.6538944200001,2021,11
2022-01-01,11298.812732683296,122.0,122.0,0.0,0.0,11176.812732683296,10515.237847,215.7,0.0,11514.512732683295,11310.584,11244.084,4813.837,3228.4,697.037,888.4,6412.047,1516.9,1418.1999999999998,289.3,2294.019,893.628,18.2,0.8,65.7,0.0,293.063,273.463,19.6,0.0,0.0,11603.647,-89.13426731670188,945.8,0.0,0.0,0.0,0.0,945.8,865.1,2.0,0.0,947.8,917.6,914.7,437.2000000000001,282.90000000000003,72.7,81.6,477.2000000000001,133.9,133.10000000000005,13.7,129.39999999999998,67.1,0.3,0.4,2.5,0.0,3.3,3.3,0.0,0.0,0.0,920.9,26.899999999999977,2022,1
2022-02-01,11298.812732683296,122.0,122.0,0.0,0.0,11176.812732683296,10515.237847,215.7,0.0,11514.512732683295,11310.584,11244.084,4813.837,3228.4,697.037,888.4,6412.047,1516.9,1418.1999999999998,289.3,2294.019,893.628,18.2,0.8,65.7,0.0,293.063,273.463,19.6,0.0,0.0,11603.647,-89.13426731670188,1909.2,27.2,27.2,0.0,0.0,1882.0,1783.0,3.6,0.0,1912.8,1984.4,1974.1,868.4000000000001,567.6,142.0,158.8,1105.2,306.5,324.19999999999993,25.5,291.1,157.9,0.5,0.3,10.0,0.0,11.6,11.5,0.1,0.0,0.0,1996.0,-83.20000000000027,2022,2
2022-07-01,12073.4843285783,113.3,113.3,0.0,0.0,11960.184328578302,11145.1,126.9,0.0,12200.3843285783,12686.765318900729,12551.265318900729,5204.1,3433.1,820.6999999999999,950.3,7345.965318900726,1706.21359638,1809.3324016702024,142.6,2594.819320850523,1093.0,1.2,0.7,134.8,0.0,634.5999999999999,589.3,45.3,0.0,0.0,13321.365318900727,-1120.9809903224268,7195.700000000002,55.3,55.3,0.0,0.0,7140.4000000000015,6975.8,17.3,0.0,7213.000000000002,7130.3,7094.1,2896.5,1889.3,476.0,531.2,4195.400000000001,1016.9,1090.8000000000002,78.5,1359.9,649.3,2.2,0.9,35.3,0.0,68.9,68.5,0.4,0.0,0.0,7199.2,13.800000000002,2022,7
2022-12-01,12010.2,110.6,110.6,0.0,0.0,11899.6,11141.9,281.17613014,0.0,12291.37613014,12996.8,12795.600000000002,5247.9,3431.8,869.9000000000001,946.2,7520.700000000002,1701.8000000000002,1954.7000000000007,134.6,2575.8,1153.8,27.0,0.8,200.4,0.0,555.2,509.2,46.0,0.0,0.0,13552.000000000002,-1260.6238698600027,12029.63908569,110.6,110.6,0.0,0.0,11919.03908569,11521.0,72.2,0.0,12101.83908569,12936.8,12848.9,5328.4,3475.0,867.9000000000001,985.5,7517.0,1730.8,1850.5,131.5,2562.8,1241.4,3.5,2.0,85.9,0.0,231.6,230.1,1.5,0.0,0.0,13168.4,-1066.5609143099991,2022,12
2023-05-01,13649.292166,113.9,113.9,0.0,0.0,13535.392166,12320.892166,299.286947,0.0,13948.579113000002,13623.8,13355.3,5450.7,3583.1,867.1999999999999,1000.4,7871.700000000001,1727.6,1976.8,155.4,2735.0,1276.9,32.9,0.6,267.9,0.0,822.3,753.4,68.9,0.0,0.0,14446.1,-497.5208869999988,5270.3,57.9,57.9,0.0,0.0,5212.400000000001,5046.1,25.5,0.0,5295.8,5487.0,5442.6,2432.3,1581.6,405.6,445.1,3008.3,697.9,726.8000000000003,56.1,1015.6,511.9,2.0,0.9,43.5,0.0,67.2,66.7,0.5,0.0,0.0,5554.2,-258.39999999999964,2023,5
2023-07-01,13649.292166,113.9,113.9,0.0,0.0,13535.392166,12320.892166,299.286947,0.0,13948.579113000002,13623.8,13355.3,5450.7,3583.1,867.1999999999999,1000.4,7871.700000000001,1727.6,1976.8,155.4,2735.0,1276.9,32.9,0.6,267.9,0.0,822.3,753.4,68.9,0.0,0.0,14446.1,-497.5208869999988,7554.2,57.9,57.9,0.0,0.0,7496.3,7158.0,41.9,0.0,7596.099999999999,7545.3,7475.3,3216.6,2056.6,572.5,587.5,4256.0,985.9,1022.4,78.5,1428.4,740.8,2.7,1.1,68.9,0.0,137.0,123.2,13.8,0.0,0.0,7682.3,-86.20000000000073,2023,7
2023-08-01,13637.8,105.6,105.6,0.0,0.0,13532.2,12730.3,146.7,0.0,13784.5,13868.500000000002,13593.1,5700.700000000001,3655.3,995.3,1050.1,7842.4,1701.8,1850.2000000000005,134.6,2870.4,1285.4,50.0,0.7,274.70000000000005,0.0,692.9,668.3,24.6,0.0,0.0,14561.4,-776.9000000000015,8616.400000000001,85.3,85.3,0.0,0.0,8531.100000000002,8162.5,48.5,0.0,8664.900000000001,8744.0,8652.699999999999,3703.0,2369.5,656.3,677.2,4946.799999999999,1129.3,1163.7999999999995,89.7,1718.1,845.9,2.9,1.6,89.7,0.0,165.20000000000002,151.4,13.8,0.0,0.0,8909.2,-244.29999999999927,2023,8
2024-04-01,14525.2,106.5,106.5,0.0,0.0,14418.7,13556.0,563.5,0.0,15088.7,14283.795,14183.195,6199.995000000001,4043.9,1010.87,1145.225,7963.199999999999,1719.3,1850.2000000000005,144.2,2956.4999999999995,1293.0,20.0,0.6,100.0,0.0,804.9000000000001,774.2,30.7,0.0,0.0,15088.695,0.0050000000010186,4644.59689509,29.5,29.5,0.0,0.0,4615.09689509,4445.2,22.4,0.0,4666.996895089999,4646.89,4577.59,2106.2,1382.8,334.5,388.9,2471.59,582.6999999999999,603.5899999999999,46.900000000000006,815.2,423.2,-0.2,1.0,68.3,0.0,56.8,51.2,5.6,0.0,0.0,4703.6900000000005,-36.69310491000124,2024,4
2024-10-01,14525.2,106.5,106.5,0.0,0.0,14418.7,13556.0,563.5,0.0,15088.7,14283.8,0.0,6200.0,4043.9,1010.9,1145.2,7963.199999999999,1719.3,1850.2000000000005,144.2,2956.4999999999995,1293.0,20.0,0.6,100.0,0.0,804.9000000000001,774.2,30.7,0.0,0.0,15088.7,0.0,11572.29689509,85.1,85.1,0.0,0.0,11487.19689509,11027.1,96.1,0.0,11668.396895090002,12090.399999999998,0.0,5281.0,3421.9,895.8999999999999,963.2,6634.099999999999,1498.8,1506.2999999999995,128.2,2378.8,1122.0,5.3,2.7,167.29999999999998,0.0,243.7,226.4,17.3,0.0,0.0,12334.1,-665.7031049099969,2024,10
2016-02-01,8691.0,104.0,104.0,0.0,0.0,8587.0,7943.0,63.0,0.0,8754.0,8822.900000000001,8780.800000000001,3591.0,0.0,0.0,0.0,5145.7,1187.0,1300.4,447.9,1577.2,633.2,44.1,4.2,37.9,0.0,109.8,105.8,4.0,0.0,0.0,8932.7,-178.70000000000073,1401.6,27.4,27.4,0.0,0.0,1374.1999999999998,1307.4,4.5,0.0,1406.1,1418.1,1412.9,620.4999999999999,412.8,91.9,115.8,787.0,206.9,195.0,59.6,246.3,79.2,5.4,0.4,4.8,0.0,8.299999999999999,8.2,0.1,0.0,0.0,1426.4,-20.300000000000185,2016,2
2016-04-01,8691.0,104.0,104.0,0.0,0.0,8587.0,7943.0,63.0,0.0,8754.0,8822.900000000001,8780.800000000001,3591.0,0.0,0.0,0.0,5145.7,1187.0,1300.4,447.9,1577.2,633.2,44.1,4.2,37.9,0.0,109.8,105.8,4.0,0.0,0.0,8932.7,-178.70000000000073,2828.8,27.9,27.9,0.0,0.0,2800.9,2629.2,12.2,0.0,2840.9999999999995,2916.6431150000003,2889.6431150000003,1240.3000000000002,826.3000000000001,182.6,231.4,1637.843115,414.6,409.3,120.1,514.443115,179.4,11.5,1.6,25.4,0.0,24.200000000000003,24.1,0.1,0.0,0.0,2940.843115,-99.84311500000013,2016,4
2018-03-01,9303.0,110.0,110.0,0.0,0.0,9193.0,8594.0,112.0,0.0,9415.0,9507.0,9443.0,3968.0,0.0,0.0,0.0,5446.0,1259.0,1403.0,444.0,1720.0,620.0,29.0,1.0,63.0,0.0,160.0,0.0,0.0,0.0,0.0,9667.0,-252.0,2239.7000000000003,33.2,33.2,0.0,0.0,2206.5000000000005,2110.4,5.0,0.0,2244.7000000000003,2325.8,2306.1,992.4,695.5,119.4,177.5,1307.0,328.29999999999995,313.2,109.8,389.8,165.9,6.7,0.1,19.6,0.0,12.5,12.5,0.0,0.0,0.0,2338.3,-93.60000000000036,2018,3
2018-04-01,9303.0,110.0,110.0,0.0,0.0,9193.0,8594.0,112.0,0.0,9415.0,9507.0,9443.0,3968.0,0.0,0.0,0.0,5446.0,1259.0,1403.0,444.0,1720.0,620.0,29.0,1.0,63.0,0.0,160.0,0.0,0.0,0.0,0.0,9667.0,-252.0,3034.1000000000004,33.8,33.8,0.0,0.0,3000.3,2864.8,5.7,0.0,3039.8,3124.7000000000003,3100.8,1317.5,926.9,151.6,239.0,1773.9,436.4,426.30000000000007,148.5,538.3,224.4,9.4,0.1,23.8,0.0,22.8,22.7,0.1,0.0,0.0,3147.5000000000005,-107.69999999999982,2018,4
2018-10-01,9552.0,110.0,110.0,0.0,0.0,9442.0,8812.0,109.0,0.0,9661.0,9748.0,9672.0,4023.0,0.0,0.0,0.0,5617.0,1303.0,1306.0,468.0,1795.0,745.0,32.0,1.0,75.0,0.0,151.0,0.0,0.0,0.0,0.0,9899.0,-238.0,7691.200000000001,92.0,92.0,0.0,0.0,7599.200000000001,7202.6,15.9,0.0,7707.1,7996.800000000001,7933.900000000001,3225.3,2227.8,411.5,586.0,4681.8,1111.4999999999998,1102.3,380.9,1446.5,640.6,26.8,0.6,62.3,0.0,86.2,84.2,2.0,0.0,0.0,8083.000000000001,-375.90000000000055,2018,10
2018-12-01,9552.0,110.0,110.0,0.0,0.0,9442.0,8812.0,109.0,0.0,9661.0,9748.0,9672.0,4023.0,0.0,0.0,0.0,5617.0,1303.0,1306.0,468.0,1795.0,745.0,32.0,1.0,75.0,0.0,151.0,0.0,0.0,0.0,0.0,9899.0,-238.0,9422.3,117.5,117.5,0.0,0.0,9304.8,8772.6,39.8,0.0,9462.1,10059.2,9987.0,4085.500000000001,2816.2000000000003,519.2,750.1,5871.799999999999,1352.8,1407.2999999999995,471.2,1833.0,807.5,29.7,0.8,71.4,0.0,135.7,133.1,2.6,0.0,0.0,10194.9,-732.7999999999993,2018,12
2019-01-01,9999.0,113.0,113.0,0.0,0.0,9886.0,9206.0,112.0,0.0,10111.0,10027.0,9945.0,4155.0,0.0,0.0,0.0,5756.0,1335.0,1351.0,474.0,1834.0,762.0,34.0,1.0,81.0,0.0,174.0,0.0,0.0,0.0,0.0,10201.0,-90.0,781.5,0.0,0.0,0.0,0.0,781.5,753.5,0.5,0.0,782.0,771.3999999999999,768.0999999999999,351.20000000000005,240.5,46.3,64.4,414.6,112.8,98.99999999999996,37.3,114.7,50.8,2.3,0.0,3.3,0.0,1.3,1.3,0.0,0.0,0.0,772.6999999999998,9.300000000000182,2019,1
2019-03-01,9999.0,113.0,113.0,0.0,0.0,9886.0,9206.0,112.0,0.0,10111.0,10027.0,9945.0,4155.0,0.0,0.0,0.0,5756.0,1335.0,1351.0,474.0,1834.0,762.0,34.0,1.0,81.0,0.0,174.0,0.0,0.0,0.0,0.0,10201.0,-90.0,2377.6,29.8,29.8,0.0,0.0,2347.8,2232.7,3.4,0.0,2381.0000000000005,2405.6,2395.0,1051.7,721.3,137.1,193.3,1337.6,343.4,317.4000000000001,114.4,389.4,173.0,5.7,0.1,10.5,0.0,12.9,12.5,0.4,0.0,0.0,2418.5,-37.499999999999545,2019,3
2019-05-01,9999.0,113.0,113.0,0.0,0.0,9886.0,9206.0,112.0,0.0,10111.0,10027.0,9945.0,4155.0,0.0,0.0,0.0,5756.0,1335.0,1351.0,474.0,1834.0,762.0,34.0,1.0,81.0,0.0,174.0,0.0,0.0,0.0,0.0,10201.0,-90.0,3968.9,60.6,60.6,0.0,0.0,3908.3,3736.1,7.4,0.0,3976.3,4173.5,4140.3,1769.2,1207.5,237.2,324.5,2356.0,575.2,554.4,192.3,712.5,321.6,15.1,0.2,33.0,0.0,30.3,29.8,0.5,0.0,0.0,4203.8,-227.5,2019,5
2019-06-01,9999.0,113.0,113.0,0.0,0.0,9886.0,9206.0,112.0,0.0,10111.0,10027.0,9945.0,4155.0,0.0,0.0,0.0,5756.0,1335.0,1351.0,474.0,1834.0,762.0,34.0,1.0,81.0,0.0,174.0,0.0,0.0,0.0,0.0,10201.0,-90.0,4857.0,60.6,60.6,0.0,0.0,4796.4,4586.7,15.6,0.0,4872.6,4914.3,4877.0,1993.5,1344.7,289.3,359.5,2863.2,697.9,669.5,232.0,875.9,387.9,20.3,0.3,37.0,0.0,36.7,36.2,0.5,0.0,0.0,4951.0,-78.4,2019,6
2019-07-01,9999.0,113.0,113.0,0.0,0.0,9886.0,9206.0,112.0,0.0,10111.0,10027.0,9945.0,4155.0,0.0,0.0,0.0,5756.0,1335.0,1351.0,474.0,1834.0,762.0,34.0,1.0,81.0,0.0,174.0,0.0,0.0,0.0,0.0,10201.0,-90.0,5611.200000000001,61.5,61.5,0.0,0.0,5549.700000000001,5303.3,16.4,0.0,5627.6,5794.8,5754.2,2369.9,1596.0,344.9,429.0,3359.8,811.4000000000001,772.3999999999997,270.90000000000003,1040.9,464.2,24.5,0.3,40.3,0.0,49.3,48.8,0.5,0.0,0.0,5844.1,-216.5,2019,7
2019-09-01,9999.0,113.0,113.0,0.0,0.0,9886.0,9206.0,112.0,0.0,10111.0,10027.0,9945.0,4155.0,0.0,0.0,0.0,5756.0,1335.0,1351.0,474.0,1834.0,762.0,34.0,1.0,81.0,0.0,174.0,0.0,0.0,0.0,0.0,10201.0,-90.0,7244.7,88.7,88.7,0.0,0.0,7156.0,6795.9,26.200000000000003,0.0,7270.9,7569.5,7515.8,3116.4,2102.5,447.5,566.4,4388.7,1054.1,1042.6,338.7,1345.8,607.5,10.7,0.9,52.8,0.0,86.9,85.5,1.4,0.0,0.0,7656.4,-385.5,2019,9
2020-03-01,10978.911773391132,136.9,136.9,0.0,0.0,10842.011773391134,10289.633537290005,120.1,0.0,11099.011773391134,10902.736377385896,10843.122106399533,4547.0,3680.55,0.0,866.45,6268.9168177995325,1499.6153847347732,1534.6800344641126,319.258381,2034.64558938466,880.7174282159872,27.205288600000003,1.6363636363636362,57.97790735,0.0,196.32,180.42,15.9,0.0,0.0,11099.056377385896,-0.0446039947619283,2737.0,31.1,31.1,0.0,0.0,2705.9,2570.4,5.3,0.0,2742.3,2695.7,2622.2,1152.0,782.0,158.0,212.0,1469.1,371.50000000000006,346.79999999999995,75.39999999999999,472.8,202.6,1.1,0.5,73.0,0.0,27.9,27.9,0.0,0.0,0.0,2723.6,18.70000000000028,2020,3
2020-07-01,10978.911773391132,136.9,136.9,0.0,0.0,10842.011773391134,10289.633537290005,120.1,0.0,11099.011773391134,10902.736377385896,10843.122106399533,4547.0,3680.55,0.0,866.45,6268.9168177995325,1499.6153847347732,1534.6800344641126,319.258381,2034.64558938466,880.7174282159872,27.205288600000003,1.6363636363636362,57.97790735,0.0,196.32,180.42,15.9,0.0,0.0,11099.056377385896,-0.0446039947619283,6333.000000000001,57.6,57.6,0.0,0.0,6275.400000000001,6054.0,31.700000000000003,0.0,6364.700000000001,6064.5,5960.9,2535.0,1695.2,382.4,457.4,3424.4,863.8,747.3999999999997,178.1,1140.6,494.5,1.5,0.8,102.8,0.0,140.2,140.2,0.0,0.0,0.0,6204.7,160.0000000000009,2020,7
2020-08-01,10978.911773391132,136.9,136.9,0.0,0.0,10842.011773391134,10289.633537290005,120.1,0.0,11099.011773391134,10902.736377385896,10843.122106399533,4547.0,3680.55,0.0,866.45,6268.9168177995325,1499.6153847347732,1534.6800344641126,319.258381,2034.64558938466,880.7174282159872,27.205288600000003,1.6363636363636362,57.97790735,0.0,196.32,180.42,15.9,0.0,0.0,11099.056377385896,-0.0446039947619283,7229.6,76.6,76.6,0.0,0.0,7153.0,6904.6,33.3,0.0,7262.900000000001,6939.599999999999,6826.999999999999,2927.9,1962.2,436.2,529.5,3897.9,987.6,860.9999999999999,203.3,1273.3,572.7,1.2,0.9,111.7,0.0,157.0,157.0,0.0,0.0,0.0,7096.599999999999,166.300000000002,2020,8
2020-09-01,10978.911773391132,136.9,136.9,0.0,0.0,10842.011773391134,10289.633537290005,120.1,0.0,11099.011773391134,10902.736377385896,10843.122106399533,4547.0,3680.55,0.0,866.45,6268.9168177995325,1499.6153847347732,1534.6800344641126,319.258381,2034.64558938466,880.7174282159872,27.205288600000003,1.6363636363636362,57.97790735,0.0,196.32,180.42,15.9,0.0,0.0,11099.056377385896,-0.0446039947619283,8107.0,76.6,76.6,0.0,0.0,8030.4,7754.6,35.6,0.0,8142.6,7888.799999999999,7774.099999999999,3319.5,2225.7,492.0,601.8,4452.599999999999,1098.5,969.4,229.0,1506.9,648.8,2.0,1.0,113.7,0.0,187.0,187.0,0.0,0.0,0.0,8075.799999999999,66.80000000000109,2020,9
2020-12-01,10931.338501000002,115.2,115.2,0.0,0.0,10816.138501,10381.357098,55.7,0.0,10987.038501000005,11018.604463065,10896.704463065,4624.799999999999,3774.0,0.0,850.8,6252.4044630650005,1432.82,1305.06465113,326.61981193500003,2320.3,867.6,19.5,0.7,121.2,0.0,252.3,252.1,0.2,0.0,0.0,11270.904463065,-283.8659620649978,11151.8,98.5,98.5,0.0,0.0,11053.3,10577.0,57.6,0.0,11209.4,11285.1,11139.4,4743.400000000001,3145.3,724.8000000000001,873.3,6384.599999999999,1471.0,1467.2,277.7,2249.3,919.4,11.4,0.6,145.1,0.0,289.1,288.4,0.7,0.0,0.0,11574.2,-364.7999999999993,2020,12
2021-03-01,11298.812732683296,122.0,122.0,0.0,0.0,11176.812732683296,10515.237847,215.7,0.0,11514.512732683295,11310.584,11244.084,4813.837,3228.4,697.037,888.4,6412.047,1516.9,1418.1999999999998,289.3,2294.019,893.628,18.2,0.8,65.7,0.0,293.063,273.463,19.6,0.0,0.0,11603.647,-89.13426731670188,2738.8,27.3,27.3,0.0,0.0,2711.5,2639.6,11.4,0.0,2750.2000000000003,2852.2000000000003,2798.8,1271.6,818.9,218.6,234.1,1524.8000000000002,364.50000000000006,396.8,75.69999999999999,465.4,222.4,2.4,0.6,52.8,0.0,31.6,31.6,0.0,0.0,0.0,2883.8,-133.5999999999999,2021,3
2021-07-01,11298.812732683296,122.0,122.0,0.0,0.0,11176.812732683296,10515.237847,215.7,0.0,11514.512732683295,11310.584,11244.084,4813.837,3228.4,697.037,888.4,6412.047,1516.9,1418.1999999999998,289.3,2294.019,893.628,18.2,0.8,65.7,0.0,293.063,273.463,19.6,0.0,0.0,11603.647,-89.13426731670188,6600.15857189,27.5,27.5,0.0,0.0,6572.65857189,6225.9,29.5,0.0,6629.65857189,6670.1,6574.1,2780.5,1784.3,495.5,500.7,3791.1,862.9,938.0,160.7,1275.4,554.1,2.5,1.2,94.8,0.0,102.2,102.0,0.2,0.0,0.0,6772.3,-142.64142811000056,2021,7
2022-11-01,12010.2,110.6,110.6,0.0,0.0,11899.6,11141.9,281.17613014,0.0,12291.37613014,12996.8,12795.600000000002,5247.9,3431.8,869.9000000000001,946.2,7520.700000000002,1701.8000000000002,1954.7000000000007,134.6,2575.8,1153.8,27.0,0.8,200.4,0.0,555.2,509.2,46.0,0.0,0.0,13552.000000000002,-1260.6238698600027,11279.83908569,135.9,135.9,0.0,0.0,11143.93908569,10870.7,57.2,0.0,11337.03908569,11587.8,11525.5,4809.6,3144.5,777.4000000000001,887.7,6712.799999999999,1585.6999999999998,1647.1,121.2,2265.2000000000003,1093.6,3.1,1.7,60.6,0.0,170.0,168.5,1.5,0.0,0.0,11757.8,-420.7609143099999,2022,11
2023-02-01,13649.292166,113.9,113.9,0.0,0.0,13535.392166,12320.892166,299.286947,0.0,13948.579113000002,13623.8,13355.3,5450.7,3583.1,867.1999999999999,1000.4,7871.700000000001,1727.6,1976.8,155.4,2735.0,1276.9,32.9,0.6,267.9,0.0,822.3,753.4,68.9,0.0,0.0,14446.1,-497.5208869999988,2114.5,28.2,28.2,0.0,0.0,2086.3,2028.8,10.4,0.0,2124.9,2076.4,2062.8,965.7,622.1,166.39999999999998,177.2,1096.3,282.40000000000003,286.79999999999995,22.3,323.7,181.1,0.8,0.2,13.4,0.0,12.3,12.3,0.0,0.0,0.0,2088.7000000000003,36.19999999999982,2023,2
2023-06-01,13649.292166,113.9,113.9,0.0,0.0,13535.392166,12320.892166,299.286947,0.0,13948.579113000002,13623.8,13355.3,5450.7,3583.1,867.1999999999999,1000.4,7871.700000000001,1727.6,1976.8,155.4,2735.0,1276.9,32.9,0.6,267.9,0.0,822.3,753.4,68.9,0.0,0.0,14446.1,-497.5208869999988,6375.3,57.9,57.9,0.0,0.0,6317.400000000001,6106.9,35.2,0.0,6410.5,6474.700000000001,6412.6,2733.1000000000004,1746.4,487.3,499.4,3677.1,846.5999999999999,878.3,67.30000000000001,1259.8000000000002,625.1,2.4,1.0,61.1,0.0,102.3,101.8,0.5,0.0,0.0,6577.000000000001,-166.5000000000009,2023,6
2024-02-01,14525.2,106.5,106.5,0.0,0.0,14418.7,13556.0,563.5,0.0,15088.7,14283.795,14183.195,6199.995000000001,4043.9,1010.87,1145.225,7963.199999999999,1719.3,1850.2000000000005,144.2,2956.4999999999995,1293.0,20.0,0.6,100.0,0.0,804.9000000000001,774.2,30.7,0.0,0.0,15088.695,0.0050000000010186,2320.7968950899995,25.9,25.9,0.0,0.0,2294.89689509,2208.7,4.6000000000000005,0.0,2325.39689509,2240.05,2213.15,1046.66,680.49,173.42,192.75,1164.99,281.3,288.1900000000001,33.4,358.0,204.1,1.5,0.3,26.6,0.0,15.7,12.3,3.4,0.0,0.0,2255.7499999999995,69.64689508999982,2024,2
2024-03-01,14525.2,106.5,106.5,0.0,0.0,14418.7,13556.0,563.5,0.0,15088.7,14283.795,14183.195,6199.995000000001,4043.9,1010.87,1145.225,7963.199999999999,1719.3,1850.2000000000005,144.2,2956.4999999999995,1293.0,20.0,0.6,100.0,0.0,804.9000000000001,774.2,30.7,0.0,0.0,15088.695,0.0050000000010186,3454.69689509,25.9,25.9,0.0,0.0,3428.79689509,3315.5,11.8,0.0,3466.49689509,3421.58,3387.38,1579.5,1035.2,253.3,291.0,1806.18,429.00000000000006,435.18,46.900000000000006,582.5999999999999,312.5,1.7,0.8,33.4,0.0,32.5,29.1,3.4,0.0,0.0,3454.08,12.416895090000253,2024,3
2024-05-01,14525.2,106.5,106.5,0.0,0.0,14418.7,13556.0,563.5,0.0,15088.7,14283.795,14183.195,6199.995000000001,4043.9,1010.87,1145.225,7963.199999999999,1719.3,1850.2000000000005,144.2,2956.4999999999995,1293.0,20.0,0.6,100.0,0.0,804.9000000000001,774.2,30.7,0.0,0.0,15088.695,0.0050000000010186,5839.29689509,54.0,54.0,0.0,0.0,5785.29689509,5574.7,34.3,0.0,5873.5968950900005,5937.26,5856.76,2653.8,1739.1,426.6,488.1,3201.86,735.6999999999998,763.7600000000002,73.9,1085.4,543.1,1.1,1.4,79.1,0.0,88.69999999999999,82.1,6.6,0.0,0.0,6025.96,-152.3631049099995,2024,5
2024-09-01,14525.2,106.5,106.5,0.0,0.0,14418.7,13556.0,563.5,0.0,15088.7,14283.8,0.0,6200.0,4043.9,1010.9,1145.2,7963.199999999999,1719.3,1850.2000000000005,144.2,2956.4999999999995,1293.0,20.0,0.6,100.0,0.0,804.9000000000001,774.2,30.7,0.0,0.0,15088.7,0.0,10417.79689509,82.2,82.2,0.0,0.0,10335.59689509,9938.4,60.5,0.0,10478.29689509,10757.4,0.0,4705.2,3054.0,794.1,857.1,5888.5,1332.1,1330.5,126.9,2102.0,997.0,5.1,2.3,156.29999999999998,0.0,214.1,197.1,17.0,0.0,0.0,10971.5,-493.20310491000055,2024,9
2025-05-01,15951.58,128.6,0.0,128.6,0.0,15822.98,14366.58,578.4,0.0,16529.98,16168.800625000002,0.0,7055.100625000001,4468.45,1256.9,1329.750625,8889.300000000001,1897.2,2040.6000000000008,180.4,3346.4,1424.7,21.6,0.5,202.3,0.0,578.4000000000001,334.40000000000003,244.0,0.0,0.0,16747.200625,-217.2206250000017,6063.409770879999,60.1,0.0,60.1,0.0,6003.309770879999,5859.4,65.6,0.0,6129.009770879999,6479.599999999999,0.0,3014.7,1987.8,473.5,553.4,3380.0999999999995,806.7,803.9999999999999,85.5,1097.2,586.7,0.5,1.2,83.1,0.0,114.2,94.4,19.8,0.0,0.0,6593.799999999999,-464.7902291199998,2025,5
2025-09-01,15951.58,128.6,0.0,128.6,0.0,15822.98,14366.58,578.4,0.0,16529.98,16168.800625000002,0.0,7055.100625000001,4468.45,1256.9,1329.750625,8889.300000000001,1897.2,2040.6000000000008,180.4,3346.4,1424.7,21.6,0.5,202.3,0.0,578.4000000000001,334.40000000000003,244.0,0.0,0.0,16747.200625,-217.2206250000017,11016.59530004,90.3,0.0,90.3,0.0,10926.29530004,10516.3,146.70000000000002,0.0,11163.29530004,11831.2,0.0,5255.7,3430.1,858.4000000000001,967.2,6416.7,1502.7999999999995,1455.0,151.8,2217.6,1089.5,1.6,3.6,153.6,0.0,275.3,200.6,74.7,0.0,0.0,12106.499999999998,-943.2046999599988,2025,9
2025-12-01,15951.58,128.6,0.0,128.6,0.0,15822.98,14366.58,578.4,0.0,16529.98,16168.800625000002,0.0,7055.100625000001,4468.45,1256.9,1329.750625,8889.300000000001,1897.2,2040.6000000000008,180.4,3346.4,1424.7,21.6,0.5,202.3,0.0,578.4000000000001,334.40000000000003,244.0,0.0,0.0,16747.200625,-217.2206250000017,15725.37343583,120.2,0.0,120.2,0.0,15605.17343583,14953.7,201.0,0.0,15926.37343583,16519.200000000004,0.0,7165.400000000001,4698.5,1134.6,1332.3,9099.6,2055.8,1981.6,221.4,3355.6,1485.2,6.9,4.9,242.4,0.0,442.3,338.9,103.4,0.0,0.0,16961.500000000004,-1035.126564170003,2025,12
2016-11-01,8691.0,104.0,104.0,0.0,0.0,8587.0,7943.0,63.0,0.0,8754.0,8822.900000000001,8780.800000000001,3591.0,0.0,0.0,0.0,5145.7,1187.0,1300.4,447.9,1577.2,633.2,44.1,4.2,37.9,0.0,109.8,105.8,4.0,0.0,0.0,8932.7,-178.70000000000073,7985.199999999999,106.5,106.5,0.0,0.0,7878.699999999999,7369.9,17.8,0.0,8002.999999999999,8104.899999999999,8041.799999999999,3308.2,2186.5,514.1,607.6,4700.9,1134.7,1205.6,349.4,1433.9999999999998,577.2,32.7,6.2,56.9,0.0,87.2,86.8,0.4,0.0,0.0,8192.099999999999,-189.1000000000004,2016,11
2017-08-01,8803.400000000001,130.7,130.7,0.0,0.0,8672.7,8094.1,78.7,0.0,8882.100000000002,9020.2,8954.0,3692.0,0.0,0.0,0.0,5212.5,1207.7,1292.9,448.0,1649.5,614.4,49.5,3.3,62.9,0.0,110.0,90.9,19.1,0.0,0.0,9130.2,-248.1000000000004,5969.5,85.3,85.3,0.0,0.0,5884.2,5549.3,20.200000000000003,0.0,5989.7,6065.900000000001,6022.3,2451.9,1589.3000000000002,420.7,441.9,3545.6000000000004,855.3,869.5,299.1,1106.2,415.5,24.8,1.5,42.1,0.0,37.6,36.9,0.7,0.0,0.0,6103.500000000001,-113.80000000000018,2017,8
2017-12-01,8803.400000000001,130.7,130.7,0.0,0.0,8672.7,8094.1,78.7,0.0,8882.100000000002,9020.2,8954.0,3692.0,0.0,0.0,0.0,5212.5,1207.7,1292.9,448.0,1649.5,614.4,49.5,3.3,62.9,0.0,110.0,90.9,19.1,0.0,0.0,9130.2,-248.09999999999675,9277.4,117.8,117.8,0.0,0.0,9159.6,8627.8,33.2,0.0,9310.6,9474.3,9417.6,3844.400000000001,2493.8,648.8000000000001,701.8,5550.400000000001,1291.3,1391.3124414400006,457.08755856,1744.3,666.4,22.8,1.6,55.1,0.0,126.2,124.0,2.2,0.0,0.0,9600.500000000002,-289.90000000000146,2017,12
2018-06-01,9303.0,110.0,110.0,0.0,0.0,9193.0,8594.0,112.0,0.0,9415.0,9507.0,9443.0,3968.0,0.0,0.0,0.0,5446.0,1259.0,1403.0,444.0,1720.0,620.0,29.0,1.0,63.0,0.0,160.0,0.0,0.0,0.0,0.0,9667.0,-252.0,4613.2,62.9,62.9,0.0,0.0,4550.3,4340.7,8.4,0.0,4621.599999999999,4643.0,4604.0,1853.1,1279.8000000000002,242.8,330.5,2734.0,663.1,632.0999999999998,227.5,841.5000000000001,369.8,16.9,0.4,38.6,0.0,37.3,36.3,1.0,0.0,0.0,4680.3,-58.69999999999982,2018,6
2019-11-01,9999.0,113.0,113.0,0.0,0.0,9886.0,9206.0,112.0,0.0,10111.0,10027.0,9945.0,4155.0,0.0,0.0,0.0,5756.0,1335.0,1351.0,474.0,1834.0,762.0,34.0,1.0,81.0,0.0,174.0,0.0,0.0,0.0,0.0,10201.0,-90.0,9007.500000000002,120.9,120.9,0.0,0.0,8886.600000000002,8444.7,30.0,0.0,9037.500000000002,9565.999999999998,9506.1,4011.1,2723.5,552.6,735.0,5477.099999999999,1299.0,1296.4999999999998,392.7,1727.4,761.5,17.9,1.5,58.4,0.0,125.5,123.6,1.9,0.0,0.0,9691.499999999998,-653.9999999999964,2019,11
2019-12-01,9999.0,113.0,113.0,0.0,0.0,9886.0,9206.0,112.0,0.0,10111.0,10027.0,9945.0,4155.0,0.0,0.0,0.0,5756.0,1335.0,1351.0,474.0,1834.0,762.0,34.0,1.0,81.0,0.0,174.0,0.0,0.0,0.0,0.0,10201.0,-90.0,10048.8,122.9,122.9,0.0,0.0,9925.9,9402.8,50.20000000000001,0.0,10099.0,10565.999999999998,10503.9,4410.8,2982.0,617.4,811.4,6064.7,1434.7,1413.2,416.9,1926.7,873.2,28.4,0.8,61.3,0.0,161.0,158.6,2.4,0.0,0.0,10726.999999999998,-627.9999999999982,2019,12
2020-04-01,10978.911773391132,136.9,136.9,0.0,0.0,10842.011773391134,10289.633537290005,120.1,0.0,11099.011773391134,10902.736377385896,10843.122106399533,4547.0,3680.55,0.0,866.45,6268.9168177995325,1499.6153847347732,1534.6800344641126,319.258381,2034.64558938466,880.7174282159872,27.205288600000003,1.6363636363636362,57.97790735,0.0,196.32,180.42,15.9,0.0,0.0,11099.056377385896,-0.0446039947619283,3540.8,31.1,31.1,0.0,0.0,3509.7,3398.4,16.3,0.0,3557.1,3634.1,3544.4,1536.8,1045.2,209.1,282.5,2007.0,524.9000000000001,447.1,100.5,658.5,276.0,0.6,0.6,89.1,0.0,72.2,72.2,0.0,0.0,0.0,3706.3,-149.19999999999982,2020,4
2021-01-01,11298.812732683296,122.0,122.0,0.0,0.0,11176.812732683296,10515.237847,215.7,0.0,11514.512732683295,11310.584,11244.084,4813.837,3228.4,697.037,888.4,6412.047,1516.9,1418.1999999999998,289.3,2294.019,893.628,18.2,0.8,65.7,0.0,293.063,273.463,19.6,0.0,0.0,11603.647,-89.13426731670188,897.2,0.0,0.0,0.0,0.0,897.2,868.4,0.7999999999999999,0.0,898.0,911.7,870.4,422.4,269.6,74.5,78.3,447.4,124.0,110.70000000000002,25.4,120.4,66.9,0.6,0.0,41.3,0.0,4.2,4.2,0.0,0.0,0.0,915.9,-17.899999999999977,2021,1
2021-05-01,11298.812732683296,122.0,122.0,0.0,0.0,11176.812732683296,10515.237847,215.7,0.0,11514.512732683295,11310.584,11244.084,4813.837,3228.4,697.037,888.4,6412.047,1516.9,1418.1999999999998,289.3,2294.019,893.628,18.2,0.8,65.7,0.0,293.063,273.463,19.6,0.0,0.0,11603.647,-89.13426731670188,4523.5,27.3,27.3,0.0,0.0,4496.2,4379.7,22.4,0.0,4545.9,4858.1,4787.2,2120.9,1376.0,354.8,390.1,2663.4,615.8000000000001,665.4000000000001,126.1,867.9,388.2,2.9,0.8,70.1,0.0,64.6,64.5,0.1,0.0,0.0,4922.700000000001,-376.8000000000011,2021,5
2021-09-01,11298.812732683296,122.0,122.0,0.0,0.0,11176.812732683296,10515.237847,215.7,0.0,11514.512732683295,11310.584,11244.084,4813.837,3228.4,697.037,888.4,6412.047,1516.9,1418.1999999999998,289.3,2294.019,893.628,18.2,0.8,65.7,0.0,293.063,273.463,19.6,0.0,0.0,11603.647,-89.13426731670188,8500.646105580001,77.4,77.4,0.0,0.0,8423.246105580001,8019.2,32.4,0.0,8533.04610558,8673.699999999997,8566.899999999998,3633.5,2337.0,638.4,658.1,4930.599999999999,1118.4,1213.4999999999998,197.8,1683.5,717.4,2.8,1.5,105.3,0.0,134.3,134.0,0.3,0.0,0.0,8807.999999999996,-275.0,2021,9
2021-10-01,11298.812732683296,122.0,122.0,0.0,0.0,11176.812732683296,10515.237847,215.7,0.0,11514.512732683295,11310.584,11244.084,4813.837,3228.4,697.037,888.4,6412.047,1516.9,1418.1999999999998,289.3,2294.019,893.628,18.2,0.8,65.7,0.0,293.063,273.463,19.6,0.0,0.0,11603.647,-89.13426731670188,9425.446105579998,77.4,77.4,0.0,0.0,9348.04610558,8912.9,37.9,0.0,9463.346105579998,9691.8,9581.5,4052.7,2613.7000000000003,703.1,735.9,5525.900000000001,1249.8,1355.9,223.6,1891.3,805.3,2.9,1.7,108.6,0.0,160.8,160.5,0.3,0.0,0.0,9852.6,-389.2538944200023,2021,10
2021-12-01,11298.812732683296,122.0,122.0,0.0,0.0,11176.812732683296,10515.237847,215.7,0.0,11514.512732683295,11310.584,11244.084,4813.837,3228.4,697.037,888.4,6412.047,1516.9,1418.1999999999998,289.3,2294.019,893.628,18.2,0.8,65.7,0.0,293.063,273.463,19.6,0.0,0.0,11603.647,-89.13426731670188,11219.8,108.6,108.6,0.0,0.0,11111.2,10690.4,83.7,0.0,11303.500000000002,12302.8,12173.8,5072.1,3286.5,852.0,933.6,7091.2,1548.9,1741.4,285.5,2458.7,1056.7,10.5,0.8,128.2,0.0,281.70000000000005,281.1,0.6,0.0,0.0,12584.5,-1280.9999999999982,2021,12
2022-03-01,11298.812732683296,122.0,122.0,0.0,0.0,11176.812732683296,10515.237847,215.7,0.0,11514.512732683295,11310.584,11244.084,4813.837,3228.4,697.037,888.4,6412.047,1516.9,1418.1999999999998,289.3,2294.019,893.628,18.2,0.8,65.7,0.0,293.063,273.463,19.6,0.0,0.0,11603.647,-89.13426731670188,2804.7000000000003,27.2,27.2,0.0,0.0,2777.5000000000005,2716.3,6.2,0.0,2810.9,3107.7000000000003,3093.9,1314.7,860.6,211.3,242.8,1778.3,462.8,512.9,36.1,504.7,261.8,0.9,0.4,13.4,0.0,17.900000000000002,17.8,0.1,0.0,0.0,3125.6000000000004,-314.7000000000003,2022,3
2022-06-01,11298.812732683296,122.0,122.0,0.0,0.0,11176.812732683296,10515.237847,215.7,0.0,11514.512732683295,11310.584,11244.084,4813.837,3228.4,697.037,888.4,6412.047,1516.9,1418.1999999999998,289.3,2294.019,893.628,18.2,0.8,65.7,0.0,293.063,273.463,19.6,0.0,0.0,11603.647,-89.13426731670188,5724.200000000001,55.3,55.3,0.0,0.0,5668.900000000001,5529.8,14.7,0.0,5738.900000000001,6084.9,6055.7,2457.7,1602.1,405.1,450.5,3596.3,877.4000000000001,955.7,67.8,1143.3000000000002,552.1,1.7,0.8,28.4,0.0,54.8,54.4,0.4,0.0,0.0,6139.7,-400.7999999999993,2022,6
2022-10-01,12010.2,110.6,110.6,0.0,0.0,11899.6,11141.9,281.17613014,0.0,12291.37613014,12996.8,12795.600000000002,5247.9,3431.8,869.9000000000001,946.2,7520.700000000002,1701.8000000000002,1954.7000000000007,134.6,2575.8,1153.8,27.0,0.8,200.4,0.0,555.2,509.2,46.0,0.0,0.0,13552.000000000002,-1260.6238698600027,10023.239085690002,109.2,109.2,0.0,0.0,9914.03908569,9659.2,46.8,0.0,10070.03908569,10305.3,10248.2,4221.1,2750.0,694.8000000000001,776.3,6024.3,1435.4999999999998,1499.7,110.6,1999.2,979.3,2.8,1.6,55.5,0.0,141.9,140.4,1.5,0.0,0.0,10447.2,-377.1609143099995,2022,10
2023-10-01,13803.5,105.6,105.6,0.0,0.0,13697.9,12581.0,146.70000000000002,0.0,13950.2,13871.500000000002,13596.1,5700.700000000001,3655.3,995.3,1050.1,7845.4,1704.8,1850.2000000000005,134.6,2870.4,1285.4,50.0,0.7,274.70000000000005,0.0,692.9,668.3,24.6,0.0,0.0,14564.4,-614.2000000000007,10730.00487527,87.3,87.3,0.0,0.0,10642.70487527,10182.0,66.2,0.0,10796.20487527,11038.2,10919.0,4678.799999999999,2992.9,829.0000000000001,856.9,6236.900000000001,1422.5,1460.2000000000005,112.3,2169.2,1072.7,3.3,2.3,116.9,0.0,234.3,220.2,14.1,0.0,0.0,11272.499999999998,-476.29512472999886,2023,10
2024-07-01,14525.2,106.5,106.5,0.0,0.0,14418.7,13556.0,563.5,0.0,15088.7,14283.825,0.0,6200.025,4043.9,1010.9,1145.225,7963.199999999999,1719.3,1850.2000000000005,144.2,2956.4999999999995,1293.0,20.0,0.6,100.0,0.0,804.9000000000001,774.2,30.7,0.0,0.0,15088.725,-0.0249999999978172,8117.696895089999,57.3,57.3,0.0,0.0,8060.396895089999,7771.0,41.6,0.0,8159.296895089999,8244.999999999998,0.0,3600.7,2342.5,603.5999999999999,654.6,4527.9,1037.1,1034.9,88.1,1599.6,768.2,4.8,1.9,109.7,0.0,158.2,141.6,16.6,0.0,0.0,8403.199999999999,-243.90310490999943,2024,7
2024-12-01,14525.2,106.5,106.5,0.0,0.0,14418.7,13556.0,563.5,0.0,15088.7,14283.8,0.0,6200.0,4043.9,1010.9,1145.2,7963.199999999999,1719.3,1850.2000000000005,144.2,2956.4999999999995,1293.0,20.0,0.6,100.0,0.0,804.9000000000001,774.2,30.7,0.0,0.0,15088.7,0.0,14046.44680908,108.5,108.5,0.0,0.0,13937.94680908,13369.1,128.90000000000003,0.0,14175.34680908,15177.6,0.0,6520.400000000001,4220.6,1100.0,1199.8,8424.5,1813.2,1916.1,199.2,3074.9999999999995,1421.0,6.8,3.3,222.6,0.0,375.3,357.4,17.9,0.0,0.0,15552.899999999998,-1377.553190919998,2024,12
2025-02-01,15951.58,128.6,0.0,128.6,0.0,15822.98,14366.58,578.4,0.0,16529.98,16168.800625000002,0.0,7055.100625000001,4468.45,1256.9,1329.750625,8889.300000000001,1897.2,2040.6000000000008,180.4,3346.4,1424.7,21.6,0.5,202.3,0.0,578.4000000000001,334.40000000000003,244.0,0.0,0.0,16747.200625,-217.2206250000017,2386.3,26.8,0.0,26.8,0.0,2359.4999999999995,2290.7,18.1,0.0,2404.4,2456.9,0.0,1215.1,786.6,204.9,223.6,1214.1999999999998,322.50000000000006,283.99999999999983,24.8,373.3,209.6,1.1,0.4,26.1,0.0,16.4,15.6,0.8,0.0,0.0,2473.3,-68.90000000000009,2025,2
2025-04-01,15951.58,128.6,0.0,128.6,0.0,15822.98,14366.58,578.4,0.0,16529.98,16168.800625000002,0.0,7055.100625000001,4468.45,1256.9,1329.750625,8889.300000000001,1897.2,2040.6000000000008,180.4,3346.4,1424.7,21.6,0.5,202.3,0.0,578.4000000000001,334.40000000000003,244.0,0.0,0.0,16747.200625,-217.2206250000017,4842.9371202500015,33.6,0.0,33.6,0.0,4809.337120250001,4688.3,58.1,0.0,4901.037120250002,5120.900000000001,0.0,2391.8,1581.5,370.5,439.8,2662.9,639.7,638.8000000000001,68.2,845.5,470.7,0.3,1.0,64.9,0.0,67.7,58.1,9.6,0.0,0.0,5188.6,-287.5628797499985,2025,4
2025-08-01,15951.58,128.6,0.0,128.6,0.0,15822.98,14366.58,578.4,0.0,16529.98,16168.800625000002,0.0,7055.100625000001,4468.45,1256.9,1329.750625,8889.300000000001,1897.2,2040.6000000000008,180.4,3346.4,1424.7,21.6,0.5,202.3,0.0,578.4000000000001,334.40000000000003,244.0,0.0,0.0,16747.200625,-217.2206250000017,9783.75758216,90.3,0.0,90.3,0.0,9693.45758216,9363.6,126.5,0.0,9910.25758216,10432.9,0.0,4645.8,3030.0,762.4000000000001,853.4,5636.599999999999,1326.8,1290.6999999999994,130.7,1930.9,957.5,1.4,3.2,145.9,0.0,222.5,165.2,57.3,0.0,0.0,10655.4,-745.1424178399993,2025,8
