tempo,regiao,entidade,localizacao_geografica,ebitda,gastos_operacionais,rendimentos_operacionais,resultado_liquido,resultados_operacionais,ano,mes
2014-01-01,Lisboa e Vale do Tejo,"Centro Hospitalar de Lisboa - Zona Ocidental, EPE","38.708454, -9.216985",-2115741.66,18461103.88,15756853.29,-2290887.2,-2704250.5900000003,2014,1
2014-01-01,Centro,"Centro Hospitalar e Universitário de Coimbra, EPE","40.2191523, -8.4098211",307409.61,30017186.66,29606978.49,-594222.4099999999,-410208.17,2014,1
2014-01-01,Norte,"Centro Hospitalar Médio Ave, EPE","41.3423984, -8.4802503",-120550.74,3655031.05,3534480.31,-96909.82,-120550.74,2014,1
2014-01-01,Norte,"Centro Hospitalar Universitário do Porto, EPE","41.1472498, -8.6172617",-1227388.66,22711970.69,21045428.42,-1666991.61,-1666542.27,2014,1
2014-01-01,Norte,"Hospital da Senhora da Oliveira Guimarães, EPE","41.4387173, -8.3086907",0.0,0.0,0.0,0.0,0.0,2014,1
2014-01-01,Lisboa e Vale do Tejo,"Hospital Distrital Santarém, EPE","39.2410946, -8.6937515",-468067.32,6096227.54,5456687.87,225941.12,-639539.67,2014,1
2014-01-01,Lisboa e Vale do Tejo,"Hospital Fernando Fonseca, EPE","38.7422257, -9.2264834",-1636197.4,12760508.15,10779401.9,-1980437.72,-1981106.25,2014,1
2014-01-01,Lisboa e Vale do Tejo,"Hospital Garcia de Orta, EPE - Almada","38.6658713, -9.1822554",61254.27,10906077.78,10655085.56,768755.2,-250992.22,2014,1
2014-01-01,Norte,"Instituto Português de Oncologia do Porto, EPE","41.1785642, -8.6062881",-251445.59,10320968.21,9507271.81,-778100.52,-813696.4,2014,1
2014-02-01,Alentejo,"Hospital Espírito Santo de Évora, EPE","38.5684861, -7.9032848",-863489.42,13343229.41,12036938.99,-901508.11,-1306290.42,2014,2
2014-02-01,Lisboa e Vale do Tejo,Instituto de Oftalmologia Dr. Gama Pinto,"38.7218793, -9.144249",-46378.55,917692.14,832741.89,-82254.23000000001,-84950.25,2014,2
2014-02-01,Alentejo,"Unidade Local de Saúde do Litoral Alentejano, EPE","38.0162314, -8.6956768",2016641.9,6487892.53,8454911.5,2084785.84,1967018.97,2014,2
2014-02-01,Norte,"Unidade Local de Saúde do Nordeste, EPE","41.8056532, -6.7888197",-2890745.86,16143688.11,12662535.41,-3505770.3499999996,-3481152.7,2014,2
2014-03-01,Centro,"Centro Hospitalar de Leiria, EPE","39.7414812, -8.7982706",1838108.95,20046797.75,21100022.389999997,1103279.27,1053224.64,2014,3
2014-03-01,Lisboa e Vale do Tejo,"Centro Hospitalar Médio Tejo, EPE","39.478072, -8.5404429",-3990588.47,20080390.08,15677982.11,-1903705.17,-4402407.970000001,2014,3
2014-03-01,Centro,"Centro Hospitalar Tondela-Viseu, EPE","40.516364, -8.0827433",622927.99,26900963.47,26829994.46,70360.75,-70969.01,2014,3
2014-03-01,Centro,"Centro Hospitalar Universitário Cova da Beira, EPE","40.2804158, -7.4922407",-2509300.31,14246606.94,11479220.51,-2766342.3899999997,-2767386.43,2014,3
2014-03-01,Algarve,"Centro Hospitalar Universitário do Algarve, E.P.E","37.0238973, -7.9281554",2380459.25,41114633.220000006,42036176.21,6514097.109999999,921542.99,2014,3
2014-03-01,Centro,Hospital Dr. Francisco Zagalo - Ovar,"40.8571967, -8.6318023",-222349.94,1525401.48,1303051.54,-202537.72,-222349.94,2014,3
2014-03-01,Alentejo,"Unidade Local de Saúde do Litoral Alentejano, EPE","38.0162314, -8.6956768",2775494.72,10068314.68,12794186.47,2880350.84,2725871.79,2014,3
2014-04-01,Norte,"Centro Hospitalar de Entre o Douro e Vouga, EPE","40.9293884, -8.5458794",-965411.43,26664315.02,24462315.39,-1985785.19,-2201999.63,2014,4
2014-04-01,Norte,"Centro Hospitalar Póvoa Varzim / Vila do Conde, EPE","41.3828711, -8.7589945",-2852117.02,8980070.08,5932976.97,-2845737.01,-3047093.11,2014,4
2014-04-01,Lisboa e Vale do Tejo,"Centro Hospitalar Universitário de Lisboa Central, EPE","38.7166948, -9.1371248",-13916097.49,138163712.35,120496102.84,-12524177.27,-17667609.509999998,2014,4
2014-04-01,Centro,Hospital Arcebispo João Crisóstomo - Cantanhede,"40.3470015, -8.5933462",-216666.32,1351961.3099999998,1135294.99,-218609.56,-216666.32,2014,4
2014-04-01,Centro,"Unidade Local de Saúde de Castelo Branco, EPE","39.8212263, -7.4981271",186810.35,20731939.35,20477293.41,-149293.02000000002,-254645.94,2014,4
2014-04-01,Alentejo,"Unidade Local de Saúde do Baixo Alentejo, EPE","38.014123, -7.8721227",-395637.55,24538848.04,23536031.16,-595031.76,-1002816.88,2014,4
2014-04-01,Norte,"Unidade Local de Saúde do Nordeste, EPE","41.8056532, -6.7888197",-4991573.140000001,31724210.64,25583740.76,-6217385.16,-6140469.88,2014,4
2014-05-01,Centro,"Centro Hospitalar de Leiria, EPE","39.7414812, -8.7982706",2346709.63,34299055.19,35343753.05,1448373.48,1044697.86,2014,5
2014-05-01,Lisboa e Vale do Tejo,"Centro Hospitalar do Barreiro - Montijo, EPE","38.6554005, -9.0592392",-5168483.75,31111352.38,24091495.49,-5961072.82,-7019856.89,2014,5
2014-05-01,Norte,"Centro Hospitalar Póvoa Varzim / Vila do Conde, EPE","41.3828711, -8.7589945",-3378418.95,11083033.53,7461432.51,-3435565.31,-3621601.02,2014,5
2014-05-01,Lisboa e Vale do Tejo,"Centro Hospitalar Universitário de Lisboa Central, EPE","38.7166948, -9.1371248",-18258052.64,173835349.0,150933709.1,-15656009.03,-22901639.9,2014,5
2014-05-01,Centro,"Hospital Distrital Figueira da Foz, EPE","40.117897, -8.8586755",-227305.07,10622442.05,10089958.6,-401668.12,-532483.45,2014,5
2014-05-01,Centro,"Unidade Local de Saúde da Guarda, EPE","40.5309916, -7.2734793",-4537758.0200000005,37326674.97,32255934.28,-5040256.569999999,-5070740.6899999995,2014,5
2014-05-01,Alentejo,"Unidade Local de Saúde do Baixo Alentejo, EPE","38.014123, -7.8721227",210909.69,30659306.17,30114524.85,-149264.01,-544781.3200000001,2014,5
2014-06-01,Centro,"Centro Hospitalar de Leiria, EPE","39.7414812, -8.7982706",1947814.99,41924714.330000006,42312626.29,809366.4700000001,387911.96,2014,6
2014-06-01,Norte,"Centro Hospitalar Póvoa Varzim / Vila do Conde, EPE","41.3828711, -8.7589945",-1650787.84,12231318.04,10289611.94,-1608874.59,-1941706.1,2014,6
2014-06-01,Alentejo,"Hospital Espírito Santo de Évora, EPE","38.5684861, -7.9032848",-1087822.13,38860939.93,36469972.11,-1591276.58,-2390967.82,2014,6
2014-06-01,Lisboa e Vale do Tejo,"Hospital Garcia de Orta, EPE - Almada","38.6658713, -9.1822554",-7486798.34,66734920.28999999,57111347.19,-11250089.37,-9623573.1,2014,6
2014-06-01,Lisboa e Vale do Tejo,"Instituto Português de Oncologia de Lisboa, EPE","38.7396768, -9.1634516",-4047669.02,55058959.36,48164762.53,-5868250.42,-6894196.83,2014,6
2014-06-01,Norte,"Unidade Local de Saúde de Matosinhos, EPE","41.1794456, -8.6745115",-3610906.68,55675012.37,50308767.24,-5974625.07,-5366245.13,2014,6
2014-06-01,Norte,"Unidade Local de Saúde do Alto Minho, EPE","41.7056054, -8.8252713",-730608.88,67330026.19,64106588.150000006,-2973251.92,-3223438.04,2014,6
2014-07-01,Lisboa e Vale do Tejo,"Centro Hospitalar de Lisboa - Zona Ocidental, EPE","38.708454, -9.216985",-5262056.470000001,121108310.48,111816159.2,-10663879.29,-9292151.28,2014,7
2014-07-01,Lisboa e Vale do Tejo,"Centro Hospitalar Médio Tejo, EPE","39.478072, -8.5404429",-7297313.420000001,44731581.059999995,36484817.08,-5942736.32,-8246763.98,2014,7
2014-07-01,Lisboa e Vale do Tejo,"Centro Hospitalar Universitário de Lisboa Central, EPE","38.7166948, -9.1371248",-18243365.64,234498198.27,209845141.41,-19549200.56,-24653056.86,2014,7
2014-07-01,Algarve,"Centro Hospitalar Universitário do Algarve, E.P.E","37.0238973, -7.9281554",4658642.67,99816923.95,101130125.35,6258732.600000001,1313201.4,2014,7
2014-07-01,Lisboa e Vale do Tejo,"Centro Hospitalar Universitário Lisboa Norte, EPE","38.7500861, -9.1616116",2696768.85,234739563.62,230613995.52999997,-5150089.2299999995,-4125568.09,2014,7
2014-07-01,Norte,"Hospital Distrital S.Maria Maior, EPE - Barcelos","41.5324234, -8.6171561",-315079.63999999996,11757669.85,11183128.63,-502526.06,-574541.22,2014,7
2014-07-01,Lisboa e Vale do Tejo,"Hospital Distrital Santarém, EPE","39.2410946, -8.6937515",-4443414.76,41245433.129999995,35326019.26,-5174301.529999999,-5919413.87,2014,7
2014-07-01,Lisboa e Vale do Tejo,"Instituto Português de Oncologia de Lisboa, EPE","38.7396768, -9.1634516",-4601537.680000001,66782247.95,58900289.87,-6855315.029999999,-7881958.08,2014,7
2014-08-01,Lisboa e Vale do Tejo,"Centro Hospitalar do Barreiro - Montijo, EPE","38.6554005, -9.0592392",-8124771.03,48397865.919999994,37347090.58,-10004271.62,-11050775.34,2014,8
2014-08-01,Norte,"Centro Hospitalar Médio Ave, EPE","41.3423984, -8.4802503",-296401.52999999997,27780646.51,26617786.1,-656576.95,-1162860.41,2014,8
2014-08-01,Centro,"Centro Hospitalar Universitário Cova da Beira, EPE","40.2804158, -7.4922407",-1595434.8299999998,38383265.36,36095369.120000005,-2331804.24,-2287896.24,2014,8
2014-08-01,Norte,"Centro Hospitalar Universitário de São João, EPE","41.1831056, -8.6010558",-1280869.98,219185810.62,211672869.99,-5909189.05,-7512940.63,2014,8
2014-08-01,Lisboa e Vale do Tejo,"Centro Hospitalar Universitário Lisboa Norte, EPE","38.7500861, -9.1616116",-333171.98000000004,265857188.4,257738668.11,-8942471.92,-8118520.29,2014,8
2014-08-01,Norte,"Hospital da Senhora da Oliveira Guimarães, EPE","41.4387173, -8.3086907",0.0,0.0,0.0,0.0,0.0,2014,8
2014-08-01,Centro,Hospital Rovisco Pais,"40.297919, -8.7707806",347508.48000000004,4700768.96,4408901.71,-266049.94,-291867.25,2014,8
2014-08-01,Norte,"Unidade Local de Saúde do Nordeste, EPE","41.8056532, -6.7888197",-1876299.18,61041229.62,56785346.96,-4332417.85,-4255882.66,2014,8
2014-08-01,Alentejo,"Unidade Local de Saúde do Norte Alentejano, EPE","39.3003425, -7.4263845",-3204113.62,54575429.05,49724066.73,-4882775.260000001,-4851362.32,2014,8
2014-09-01,Lisboa e Vale do Tejo,"Centro Hospitalar do Barreiro - Montijo, EPE","38.6554005, -9.0592392",-10138735.06,55170968.22,41753262.34,-12364244.04,-13417705.88,2014,9
2014-09-01,Lisboa e Vale do Tejo,"Centro Hospitalar Psiquiátrico de Lisboa, SPA","38.7569771, -9.1460705",1933292.08,18749517.37,17407327.68,-1008880.13,-1342189.69,2014,9
2014-09-01,Norte,"Centro Hospitalar Universitário de São João, EPE","41.1831056, -8.6010558",-1997064.39,247969714.35,238960381.69,-7173291.970000001,-9009332.66,2014,9
2014-09-01,Lisboa e Vale do Tejo,"Centro Hospitalar Universitário Lisboa Norte, EPE","38.7500861, -9.1616116",-456595.05,299893212.77,290694564.1,-12509025.58,-9198648.67,2014,9
2014-09-01,Lisboa e Vale do Tejo,"Hospital Garcia de Orta, EPE - Almada","38.6658713, -9.1822554",-6776151.95,101904016.35,91939482.35,-9690622.590000002,-9964534.0,2014,9
2014-09-01,Centro,"Instituto Português de Oncologia de Coimbra, EPE","40.2162514, -8.4103814",1112622.72,35810125.62,34605847.97,250495.44,-1204277.65,2014,9
2014-09-01,Norte,"Unidade Local de Saúde do Alto Minho, EPE","41.7056054, -8.8252713",3533225.4200000004,102436257.86,101769670.4,591382.8099999999,-666587.46,2014,9
2014-10-01,Norte,"Centro Hospitalar do Alto Ave, EPE","41.4387173, -8.3086907",-5731055.430000001,70764915.45,63268015.010000005,-5870393.12,-7496900.44,2014,10
2014-10-01,Lisboa e Vale do Tejo,"Centro Hospitalar do Barreiro - Montijo, EPE","38.6554005, -9.0592392",-11525540.29,61843862.96,46684810.2,-14112546.53,-15159052.76,2014,10
2014-10-01,Lisboa e Vale do Tejo,"Centro Hospitalar Psiquiátrico de Lisboa, SPA","38.7569771, -9.1460705",1227042.07,21013693.98,18593440.84,-2085242.21,-2420253.1399999997,2014,10
2014-10-01,Lisboa e Vale do Tejo,"Centro Hospitalar Universitário de Lisboa Central, EPE","38.7166948, -9.1371248",-21413226.14,337761819.45,307300671.71999997,-25517444.9,-30461147.73,2014,10
2014-10-01,Centro,"Hospital Distrital Figueira da Foz, EPE","40.117897, -8.8586755",38420.31,20850545.89,20289108.069999997,-448472.57,-561437.82,2014,10
2014-10-01,Lisboa e Vale do Tejo,"Hospital Distrital Santarém, EPE","39.2410946, -8.6937515",-2587391.52,59506704.52,54810742.84,-3930795.94,-4695961.680000001,2014,10
2014-10-01,Lisboa e Vale do Tejo,"Hospital Garcia de Orta, EPE - Almada","38.6658713, -9.1822554",-3335999.73,112077941.55,105232096.39,-7111226.7,-6845845.16,2014,10
2014-10-01,Centro,"Unidade Local de Saúde da Guarda, EPE","40.5309916, -7.2734793",-7241879.02,75407856.03,66916189.56,-8434808.31,-8491666.47,2014,10
2014-10-01,Alentejo,"Unidade Local de Saúde do Baixo Alentejo, EPE","38.014123, -7.8721227",-5782779.09,67165335.13000001,59944173.75,-6906327.88,-7221161.38,2014,10
2014-10-01,Alentejo,"Unidade Local de Saúde do Litoral Alentejano, EPE","38.0162314, -8.6956768",8348848.21,37417624.69,45459169.66,7097237.82,8041544.97,2014,10
2014-11-01,Lisboa e Vale do Tejo,"Centro Hospitalar Médio Tejo, EPE","39.478072, -8.5404429",-6648758.57,71140842.13000001,62999255.49,-6083969.65,-8141586.640000001,2014,11
2014-11-01,Norte,"Hospital Distrital S.Maria Maior, EPE - Barcelos","41.5324234, -8.6171561",-1316802.17,18965623.55,17292206.689999998,-1599938.83,-1673416.86,2014,11
2014-11-01,Lisboa e Vale do Tejo,"Hospital Distrital Santarém, EPE","39.2410946, -8.6937515",-3117973.21,65592652.33,60155251.940000005,-4669246.670000001,-5437400.39,2014,11
2014-11-01,Centro,Hospital Dr. Francisco Zagalo - Ovar,"40.8571967, -8.6318023",-155694.8,6088720.19,5933025.39,-105046.38,-155694.8,2014,11
2014-11-01,Centro,"Unidade Local de Saúde de Castelo Branco, EPE","39.8212263, -7.4981271",-646469.0900000001,58448130.83,56557241.17,-1255412.75,-1890889.66,2014,11
2014-11-01,Norte,"Unidade Local de Saúde de Matosinhos, EPE","41.1794456, -8.6745115",-2073705.57,105027685.55,99936979.74,-5275257.289999999,-5090705.8100000005,2014,11
2014-11-01,Norte,"Unidade Local de Saúde do Alto Minho, EPE","41.7056054, -8.8252713",4830724.739999999,124490066.71,124495563.4,1346105.29,5496.6900000000005,2014,11
2014-12-01,Norte,"Centro Hospitalar do Alto Ave, EPE","41.4387173, -8.3086907",1494083.55,85275267.92,82673543.07,147379.81,-2601724.85,2014,12
2014-12-01,Norte,"Centro Hospitalar Médio Ave, EPE","41.3423984, -8.4802503",-6276263.45,48190099.24,40584033.88,-6807288.2,-7606065.359999999,2014,12
2014-12-01,Norte,"Centro Hospitalar Póvoa Varzim / Vila do Conde, EPE","41.3828711, -8.7589945",-815194.93,26969449.369999997,25499425.54,-1005683.42,-1470023.83,2014,12
2014-12-01,Centro,"Centro Hospitalar Universitário Cova da Beira, EPE","40.2804158, -7.4922407",-2538566.63,56843574.57,53249091.36,-2606269.62,-3594483.21,2014,12
2014-12-01,Lisboa e Vale do Tejo,"Centro Hospitalar Universitário de Lisboa Central, EPE","38.7166948, -9.1371248",-6692842.7700000005,400359430.6099999,382870022.96,-12356088.86,-17489407.650000002,2014,12
2014-12-01,Norte,"Hospital da Senhora da Oliveira Guimarães, EPE","41.4387173, -8.3086907",0.0,0.0,0.0,0.0,0.0,2014,12
2014-12-01,Alentejo,"Hospital Espírito Santo de Évora, EPE","38.5684861, -7.9032848",-3339688.51,82844866.36,76807876.36,-4391833.74,-6036990.0,2014,12
2014-12-01,Lisboa e Vale do Tejo,Instituto de Oftalmologia Dr. Gama Pinto,"38.7218793, -9.144249",785613.21,5466749.2700000005,6026562.38,558271.66,559813.1100000001,2014,12
2014-12-01,Norte,"Unidade Local de Saúde de Matosinhos, EPE","41.1794456, -8.6745115",-983557.14,113559078.8,109426803.7,-4307593.86,-4132275.1,2014,12
2014-12-01,Norte,"Unidade Local de Saúde do Alto Minho, EPE","41.7056054, -8.8252713",5463833.800000001,136628034.31,136646021.01,735782.84,17986.7,2014,12
2015-01-01,Lisboa e Vale do Tejo,"Centro Hospitalar de Lisboa - Zona Ocidental, EPE","38.708454, -9.216985",-2009638.18,18203891.16,15662977.68,-2453610.06,-2540913.48,2015,1
2015-01-01,Lisboa e Vale do Tejo,"Centro Hospitalar do Oeste, SPA","39.4054629, -9.1258493",1378557.4,4418693.52,5797250.920000001,1449016.8,1378557.4,2015,1
2015-01-01,Lisboa e Vale do Tejo,"Centro Hospitalar Médio Tejo, EPE","39.478072, -8.5404429",-564517.41,6544239.45,5849539.12,-695675.8099999999,-694700.33,2015,1
2015-01-01,Norte,"Centro Hospitalar Trás-os-Montes e Alto Douro, EPE","41.3031784, -7.7515252",83495.81999999999,7919806.18,8003302.0,316137.11,83495.81999999999,2015,1
2015-01-01,Lisboa e Vale do Tejo,"Centro Hospitalar Universitário de Lisboa Central, EPE","38.7166948, -9.1371248",-4446321.7299999995,34179711.32,28831935.22,-5176613.66,-5347776.1,2015,1
2015-01-01,Norte,"Centro Hospitalar Vila Nova Gaia/Espinho, EPE","41.1094138, -8.5972617",-25318.370000000003,14056502.87,13465546.92,-532506.16,-590955.9500000001,2015,1
2015-02-01,Norte,"Centro Hospitalar do Tâmega e Sousa, EPE","41.2494561, -8.264901",970603.81,13790887.01,14082850.42,520187.91,291963.41000000003,2015,2
2015-02-01,Lisboa e Vale do Tejo,"Centro Hospitalar Psiquiátrico de Lisboa, SPA","38.7569771, -9.1460705",278752.32999999996,3816543.04,3392752.1,-230904.03,-423790.94,2015,2
2015-02-01,Lisboa e Vale do Tejo,"Centro Hospitalar Universitário de Lisboa Central, EPE","38.7166948, -9.1371248",-10028521.3,69203662.59,57372232.55,-11864226.5,-11831430.04,2015,2
2015-02-01,Algarve,"Centro Hospitalar Universitário do Algarve, E.P.E","37.0238973, -7.9281554",1717290.16,28166912.34,29015023.74,1928304.4,848111.4,2015,2
2015-02-01,Norte,"Hospital da Senhora da Oliveira Guimarães, EPE","41.4387173, -8.3086907",-1138053.9,13564715.99,12142500.31,-1330344.24,-1422215.68,2015,2
2015-02-01,Norte,"Hospital Distrital S.Maria Maior, EPE - Barcelos","41.5324234, -8.6171561",-164265.09,3708487.61,3488013.8000000003,-217468.61,-220473.81,2015,2
2015-02-01,Centro,Hospital Dr. Francisco Zagalo - Ovar,"40.8571967, -8.6318023",126915.66,917518.81,1044434.47,105448.45,126915.66,2015,2
2015-02-01,Alentejo,"Hospital Espírito Santo de Évora, EPE","38.5684861, -7.9032848",312613.38999999996,12326821.09,12192042.11,288638.13,-134778.97999999998,2015,2
2015-02-01,Centro,"Instituto Português de Oncologia de Coimbra, EPE","40.2162514, -8.4103814",456687.03,7964388.14,7869353.3,190619.06,-95034.84,2015,2
2015-03-01,Norte,"Centro Hospitalar de Entre o Douro e Vouga, EPE","40.9293884, -8.5458794",-57092.07,20569157.41,19646045.38,-784453.87,-923112.03,2015,3
2015-03-01,Centro,"Centro Hospitalar de Leiria, EPE","39.7414812, -8.7982706",796609.62,20953118.610000003,20936991.19,94275.01,-16127.42,2015,3
2015-03-01,Lisboa e Vale do Tejo,"Centro Hospitalar de Setúbal, EPE","38.5283754, -8.8818638",-2449998.8600000003,24841563.79,21589471.8,-3829288.94,-3252091.99,2015,3
2015-03-01,Lisboa e Vale do Tejo,"Centro Hospitalar Psiquiátrico de Lisboa, SPA","38.7569771, -9.1460705",-151759.25,6419452.31,5196755.75,-1032149.51,-1222696.56,2015,3
2015-03-01,Norte,"Centro Hospitalar Trás-os-Montes e Alto Douro, EPE","41.3031784, -7.7515252",-1725288.01,28459602.51,25055484.12,-2740424.14,-3404118.39,2015,3
2015-03-01,Norte,"Centro Hospitalar Universitário de São João, EPE","41.1831056, -8.6010558",-6481115.2700000005,85910377.45,77198639.25999999,-8124260.140000001,-8711738.19,2015,3
2015-03-01,Centro,Hospital Arcebispo João Crisóstomo - Cantanhede,"40.3470015, -8.5933462",95672.73,966799.34,1062472.07,72681.62,95672.73,2015,3
2015-03-01,Centro,"Unidade Local de Saúde de Castelo Branco, EPE","39.8212263, -7.4981271",-573025.94,16392888.96,15455697.08,-584279.17,-937191.88,2015,3
2015-04-01,Lisboa e Vale do Tejo,"Centro Hospitalar do Oeste, SPA","39.4054629, -9.1258493",4751206.17,18282168.45,23033374.619999997,4980475.13,4751206.17,2015,4
2015-04-01,Norte,"Centro Hospitalar Póvoa Varzim / Vila do Conde, EPE","41.3828711, -8.7589945",-1421624.01,8741609.23,7156738.41,-1510007.57,-1584870.82,2015,4
2015-04-01,Lisboa e Vale do Tejo,"Centro Hospitalar Universitário de Lisboa Central, EPE","38.7166948, -9.1371248",-17076100.740000002,140900485.82,120737263.12,-20102090.520000003,-20163222.7,2015,4
2015-04-01,Norte,"Centro Hospitalar Universitário de São João, EPE","41.1831056, -8.6010558",-10697006.78,117380602.65,103714742.88,-12861418.92,-13665859.77,2015,4
2015-04-01,Lisboa e Vale do Tejo,"Centro Hospitalar Universitário Lisboa Norte, EPE","38.7500861, -9.1616116",-32926328.500000004,142948206.67000002,106258011.53,-36698816.56,-36690195.14,2015,4
2015-04-01,Centro,Hospital Arcebispo João Crisóstomo - Cantanhede,"40.3470015, -8.5933462",-31569.47,1343601.13,1312031.66,-64472.719999999994,-31569.47,2015,4
2015-04-01,Norte,"Hospital da Senhora da Oliveira Guimarães, EPE","41.4387173, -8.3086907",-2123117.99,28212126.799999997,25487638.13,-2557389.1199999996,-2724488.6700000004,2015,4
2015-04-01,Norte,"Hospital de Magalhães Lemos, EPE","41.1764649, -8.6649823",233341.65,9177470.22,9319689.46,150499.87,142219.24000000002,2015,4
2015-04-01,Lisboa e Vale do Tejo,"Hospital Distrital Santarém, EPE","39.2410946, -8.6937515",-4417958.45,26843132.54,21687047.78,-5320003.08,-5156084.76,2015,4
2015-04-01,Centro,Hospital Dr. Francisco Zagalo - Ovar,"40.8571967, -8.6318023",-168859.54,2263597.04,2094737.5,-193093.63,-168859.54,2015,4
2015-04-01,Lisboa e Vale do Tejo,"Hospital Garcia de Orta, EPE - Almada","38.6658713, -9.1822554",2816459.5300000003,46554987.35,48417271.14,1686772.63,1862283.79,2015,4
2015-04-01,Alentejo,"Unidade Local de Saúde do Baixo Alentejo, EPE","38.014123, -7.8721227",-1094102.4,25792969.0,24130437.64,-1704770.86,-1662531.36,2015,4
2015-04-01,Alentejo,"Unidade Local de Saúde do Norte Alentejano, EPE","39.3003425, -7.4263845",-306371.14,26791059.9,25894128.35,-896330.5299999999,-896931.55,2015,4
2015-05-01,Lisboa e Vale do Tejo,"Centro Hospitalar Psiquiátrico de Lisboa, SPA","38.7569771, -9.1460705",-48127.54,10682024.18,8839027.99,-1650860.28,-1842996.19,2015,5
2015-05-01,Centro,"Centro Hospitalar Universitário Cova da Beira, EPE","40.2804158, -7.4922407",-6425848.9799999995,24686124.479999997,17815629.3,-6777540.65,-6870495.18,2015,5
2015-05-01,Norte,"Centro Hospitalar Universitário de São João, EPE","41.1831056, -8.6010558",-15546996.67,148571561.6,129448427.53,-17670003.64,-19123134.07,2015,5
2015-05-01,Lisboa e Vale do Tejo,"Centro Hospitalar Universitário Lisboa Norte, EPE","38.7500861, -9.1616116",-37193419.88,173776487.32,131884159.43999998,-42156182.19,-41892327.879999995,2015,5
2015-05-01,Norte,"Hospital de Magalhães Lemos, EPE","41.1764649, -8.6649823",341625.89,11491706.8,11719627.9,239424.93,227921.1,2015,5
2015-05-01,Lisboa e Vale do Tejo,"Hospital Distrital Santarém, EPE","39.2410946, -8.6937515",-4888240.63,34062717.660000004,28251819.12,-5972022.640000001,-5810898.54,2015,5
2015-06-01,Lisboa e Vale do Tejo,"Centro Hospitalar de Lisboa - Zona Ocidental, EPE","38.708454, -9.216985",-5817959.6899999995,105278615.95,96239933.88,-9788398.8,-9038682.07,2015,6
2015-06-01,Lisboa e Vale do Tejo,"Centro Hospitalar de Setúbal, EPE","38.5283754, -8.8818638",557857.87,48277551.15,47234223.82,-4156226.53,-1043327.33,2015,6
2015-06-01,Norte,"Centro Hospitalar do Alto Ave, EPE","41.4387173, -8.3086907",0.0,0.0,0.0,0.0,0.0,2015,6
2015-06-01,Centro,"Centro Hospitalar e Universitário de Coimbra, EPE","40.2191523, -8.4098211",-24107547.99,219460230.78,192198184.29,-27109644.17,-27262046.49,2015,6
2015-06-01,Norte,"Centro Hospitalar Médio Ave, EPE","41.3423984, -8.4802503",-429691.58,22089153.46,20994567.68,-985437.32,-1094585.78,2015,6
2015-06-01,Norte,"Centro Hospitalar Universitário do Porto, EPE","41.1472498, -8.6172617",879125.27,128896770.93,127278606.03,-1383160.36,-1618164.9,2015,6
2015-06-01,Norte,"Centro Hospitalar Vila Nova Gaia/Espinho, EPE","41.1094138, -8.5972617",-3838008.7,87400253.38,80138118.07,-6864566.600000001,-7262135.31,2015,6
2015-06-01,Centro,"Hospital Distrital Figueira da Foz, EPE","40.117897, -8.8586755",1335210.45,12344408.69,13393101.55,1087386.6,1048692.86,2015,6
2015-06-01,Lisboa e Vale do Tejo,"Hospital Distrital Santarém, EPE","39.2410946, -8.6937515",-4509047.75,38849865.120000005,33233627.9,-5799066.23,-5616237.22,2015,6
2015-06-01,Centro,Hospital Dr. Francisco Zagalo - Ovar,"40.8571967, -8.6318023",-136629.62,3281350.48,3144720.86,-141369.79,-136629.62,2015,6
2015-06-01,Centro,"Unidade Local de Saúde de Castelo Branco, EPE","39.8212263, -7.4981271",177066.22,31697158.459999997,31143798.4,-514550.16,-553360.0599999999,2015,6
2015-06-01,Norte,"Unidade Local de Saúde do Alto Minho, EPE","41.7056054, -8.8252713",1078926.37,67255457.38000001,65943673.2,-1117056.24,-1311784.1800000002,2015,6
2015-07-01,Lisboa e Vale do Tejo,"Centro Hospitalar de Lisboa - Zona Ocidental, EPE","38.708454, -9.216985",-7870367.04,123534862.54,111899180.89,-12525341.09,-11635681.65,2015,7
2015-07-01,Lisboa e Vale do Tejo,"Centro Hospitalar de Setúbal, EPE","38.5283754, -8.8818638",-1714495.32,57906226.46,54342700.2,-6599396.44,-3563526.26,2015,7
2015-07-01,Norte,"Centro Hospitalar do Alto Ave, EPE","41.4387173, -8.3086907",0.0,0.0,0.0,0.0,0.0,2015,7
2015-07-01,Lisboa e Vale do Tejo,"Centro Hospitalar do Oeste, SPA","39.4054629, -9.1258493",1661003.4700000002,38758250.93,40419254.4,2227480.11,1661003.4700000002,2015,7
2015-07-01,Norte,"Centro Hospitalar Médio Ave, EPE","41.3423984, -8.4802503",-702272.92,26021200.71,24543217.89,-1291763.18,-1477982.8199999998,2015,7
2015-07-01,Centro,"Centro Hospitalar Tondela-Viseu, EPE","40.516364, -8.0827433",-686543.1,65668495.65,63431837.55,-2233007.94,-2236658.1,2015,7
2015-07-01,Norte,"Centro Hospitalar Universitário do Porto, EPE","41.1472498, -8.6172617",147425.3,154869259.69,152093365.62,-2514292.9600000004,-2775894.07,2015,7
2015-07-01,Lisboa e Vale do Tejo,"Centro Hospitalar Universitário Lisboa Norte, EPE","38.7500861, -9.1616116",-37637631.370000005,244889986.57,200700821.96,-44402341.53,-44189164.61,2015,7
2015-07-01,Norte,"Centro Hospitalar Vila Nova Gaia/Espinho, EPE","41.1094138, -8.5972617",-4975378.09,102785263.35,93824625.63,-8501095.7,-8960637.72,2015,7
2015-07-01,Norte,"Hospital de Magalhães Lemos, EPE","41.1764649, -8.6649823",839322.38,15972980.5,16654494.85,696897.24,681514.3500000001,2015,7
2015-07-01,Alentejo,"Hospital Espírito Santo de Évora, EPE","38.5684861, -7.9032848",-3765887.73,47530927.59,42193011.19,-4401619.5,-5337916.4,2015,7
2015-07-01,Centro,"Unidade Local de Saúde de Castelo Branco, EPE","39.8212263, -7.4981271",-76676.53,37284924.08,36356727.17,-852247.58,-928196.91,2015,7
2015-07-01,Norte,"Unidade Local de Saúde do Alto Minho, EPE","41.7056054, -8.8252713",1004609.37,78771544.61,76990161.8,-1545554.35,-1781382.81,2015,7
2015-07-01,Alentejo,"Unidade Local de Saúde do Litoral Alentejano, EPE","38.0162314, -8.6956768",1941886.34,28246357.950000003,29545182.46,1061958.7,1298824.51,2015,7
2015-07-01,Alentejo,"Unidade Local de Saúde do Norte Alentejano, EPE","39.3003425, -7.4263845",-613477.6799999999,47111593.32,45617394.11,-1506481.96,-1494199.21,2015,7
2015-08-01,Norte,"Centro Hospitalar de Entre o Douro e Vouga, EPE","40.9293884, -8.5458794",123814.32,53745257.62,51559685.38,-1685267.51,-2185572.24,2015,8
2015-08-01,Norte,"Centro Hospitalar do Alto Ave, EPE","41.4387173, -8.3086907",0.0,0.0,0.0,0.0,0.0,2015,8
2015-08-01,Lisboa e Vale do Tejo,"Centro Hospitalar Médio Tejo, EPE","39.478072, -8.5404429",-7594853.63,52083903.77,43456096.79000001,-8492563.98,-8627806.979999999,2015,8
2015-08-01,Algarve,"Centro Hospitalar Universitário do Algarve, E.P.E","37.0238973, -7.9281554",10596581.3,121360024.41,128161809.31,7162078.85,6801784.899999999,2015,8
2015-08-01,Centro,"Hospital Distrital Figueira da Foz, EPE","40.117897, -8.8586755",1246898.3,16788534.55,17653781.200000003,904481.69,865246.65,2015,8
2015-08-01,Lisboa e Vale do Tejo,"Instituto Português de Oncologia de Lisboa, EPE","38.7396768, -9.1634516",-7149301.029999999,82328747.42,71479401.80000001,-10461032.19,-10849345.62,2015,8
2015-08-01,Norte,"Unidade Local de Saúde do Nordeste, EPE","41.8056532, -6.7888197",-852684.65,58290144.71,55227757.63,-2843734.89,-3062387.08,2015,8
2015-09-01,Norte,"Centro Hospitalar do Alto Ave, EPE","41.4387173, -8.3086907",0.0,0.0,0.0,0.0,0.0,2015,9
2015-09-01,Lisboa e Vale do Tejo,"Centro Hospitalar do Barreiro - Montijo, EPE","38.6554005, -9.0592392",-7072218.35999999,55729267.28,45565195.75,-10249760.48,-10164071.53,2015,9
2015-09-01,Norte,"Centro Hospitalar Médio Ave, EPE","41.3423984, -8.4802503",-2384713.33,34053723.2,30671668.57,-3165255.0700000003,-3382054.63,2015,9
2015-09-01,Lisboa e Vale do Tejo,"Centro Hospitalar Médio Tejo, EPE","39.478072, -8.5404429",-9000599.67,59137856.15,48975136.86,-9916559.87,-10162719.29,2015,9
2015-09-01,Centro,"Centro Hospitalar Tondela-Viseu, EPE","40.516364, -8.0827433",-999858.76,84471125.89,81478263.13000001,-2953560.8200000003,-2992862.76,2015,9
2015-09-01,Norte,"Centro Hospitalar Trás-os-Montes e Alto Douro, EPE","41.3031784, -7.7515252",-7715577.5,89424332.46000001,76302518.17999999,-11189769.21,-13121814.28,2015,9
2015-09-01,Norte,"Hospital da Senhora da Oliveira Guimarães, EPE","41.4387173, -8.3086907",-3611876.44,62954510.96,58121224.739999995,-4822038.38,-4833286.22,2015,9
2015-09-01,Centro,"Hospital Distrital Figueira da Foz, EPE","40.117897, -8.8586755",1341169.98,18947593.16,19859014.27,976229.67,911421.11,2015,9
2015-09-01,Centro,Hospital Rovisco Pais,"40.297919, -8.7707806",649929.6799999999,5770733.85,5750588.46,-31511.51,-20145.39,2015,9
2015-09-01,Norte,"Unidade Local de Saúde do Alto Minho, EPE","41.7056054, -8.8252713",2161972.45,100688259.16,99073023.81,-1267496.25,-1615235.35,2015,9
2015-09-01,Alentejo,"Unidade Local de Saúde do Baixo Alentejo, EPE","38.014123, -7.8721227",-1531241.2200000002,62743586.73,59933380.35,-2855740.73,-2810206.38,2015,9
2015-10-01,Norte,"Centro Hospitalar de Entre o Douro e Vouga, EPE","40.9293884, -8.5458794",11067.98,67588577.65,64712912.43,-2272242.4,-2875665.2199999997,2015,10
2015-10-01,Centro,"Centro Hospitalar de Leiria, EPE","39.7414812, -8.7982706",-1128271.2100000002,75157574.55999999,71363079.19,-3694612.33,-3794495.37,2015,10
2015-10-01,Lisboa e Vale do Tejo,"Centro Hospitalar Médio Tejo, EPE","39.478072, -8.5404429",-9830953.86,66378286.89,55250203.39,-11159953.38,-11128083.5,2015,10
2015-10-01,Norte,"Centro Hospitalar Póvoa Varzim / Vila do Conde, EPE","41.3828711, -8.7589945",-2738940.33,21559460.61,18422990.85,-3079781.49,-3136469.76,2015,10
2015-10-01,Norte,"Centro Hospitalar Universitário do Porto, EPE","41.1472498, -8.6172617",-4732530.59,222621693.45,213669449.99,-8963324.370000001,-8952243.459999999,2015,10
2015-10-01,Lisboa e Vale do Tejo,"Centro Hospitalar Universitário Lisboa Norte, EPE","38.7500861, -9.1616116",-50014599.629999995,341039651.94,281712704.41,-59728126.21,-59326947.53,2015,10
2015-10-01,Norte,"Centro Hospitalar Vila Nova Gaia/Espinho, EPE","41.1094138, -8.5972617",-4960442.81,145098385.6,134465947.94000003,-9980264.510000002,-10632437.66,2015,10
2015-10-01,Centro,Hospital Arcebispo João Crisóstomo - Cantanhede,"40.3470015, -8.5933462",896480.39,3431533.7800000003,4328014.17,928344.46,896480.39,2015,10
2015-10-01,Norte,"Hospital de Magalhães Lemos, EPE","41.1764649, -8.6649823",978619.45,22833517.44,23589136.07,780972.37,755618.63,2015,10
2015-10-01,Centro,"Hospital Distrital Figueira da Foz, EPE","40.117897, -8.8586755",1539840.7,21250309.92,22311817.299999997,1132535.69,1061507.38,2015,10
2015-10-01,Lisboa e Vale do Tejo,Instituto de Oftalmologia Dr. Gama Pinto,"38.7218793, -9.144249",294151.12,4054736.08,4248514.91,209966.78,193778.83,2015,10
2015-10-01,Lisboa e Vale do Tejo,"Instituto Português de Oncologia de Lisboa, EPE","38.7396768, -9.1634516",-7403491.0,101703840.36,89675293.63,-8776263.370000001,-12028546.73,2015,10
2015-10-01,Norte,"Instituto Português de Oncologia do Porto, EPE","41.1785642, -8.6062881",1726032.38,102899171.42,99054301.73,-1780819.05,-3844869.69,2015,10
2015-10-01,Norte,"Unidade Local de Saúde do Alto Minho, EPE","41.7056054, -8.8252713",1539219.48,112851359.96,110218090.01,-2242250.69,-2633269.9499999997,2015,10
2015-10-01,Alentejo,"Unidade Local de Saúde do Norte Alentejano, EPE","39.3003425, -7.4263845",-3470117.19,68426825.19,63691551.82,-4760220.85,-4735273.37,2015,10
2015-11-01,Centro,"Centro Hospitalar de Leiria, EPE","39.7414812, -8.7982706",-902333.84,83048523.11,79265896.81,-3652469.34,-3782626.3,2015,11
2015-11-01,Lisboa e Vale do Tejo,Instituto de Oftalmologia Dr. Gama Pinto,"38.7218793, -9.144249",471267.52,4557926.180000001,4919072.739999999,377334.51,361146.56,2015,11
2015-11-01,Centro,"Unidade Local de Saúde da Guarda, EPE","40.5309916, -7.2734793",-10312546.77,86557386.62,73949719.62,-12212405.41,-12607667.0,2015,11
2015-11-01,Centro,"Unidade Local de Saúde de Castelo Branco, EPE","39.8212263, -7.4981271",-1343933.0,59496152.49,56812737.71,-2064940.75,-2683414.7800000003,2015,11
2015-12-01,Lisboa e Vale do Tejo,"Centro Hospitalar do Barreiro - Montijo, EPE","38.6554005, -9.0592392",-9253435.49,76999865.82000001,63355907.14,-12269837.6,-13643958.68,2015,12
2015-12-01,Norte,"Centro Hospitalar Médio Ave, EPE","41.3423984, -8.4802503",-6002635.52,48733579.46,41584310.92,-6416858.559999999,-7149268.539999999,2015,12
2015-12-01,Lisboa e Vale do Tejo,"Centro Hospitalar Médio Tejo, EPE","39.478072, -8.5404429",-2100231.599999984,79231069.75999999,74573172.93,-3193876.1999999834,-4657896.829999983,2015,12
2015-12-01,Centro,"Centro Hospitalar Tondela-Viseu, EPE","40.516364, -8.0827433",250270.6399999964,113412426.75,111068308.65999998,-2063125.5800000036,-2344118.0900000036,2015,12
2015-12-01,Centro,"Instituto Português de Oncologia de Coimbra, EPE","40.2162514, -8.4103814",1312502.7399999893,48933751.04000001,47163415.77,209498.3999999891,-1770335.2700000107,2015,12
2015-12-01,Centro,"Unidade Local de Saúde de Castelo Branco, EPE","39.8212263, -7.4981271",1220774.1200000066,66671132.02,65783946.38,-592514.9999999932,-887185.6399999931,2015,12
2016-01-01,Norte,"Centro Hospitalar de Entre o Douro e Vouga, EPE","40.9293884, -8.5458794",-794203.75,7316054.8,6236851.050000001,-1058202.45,-1079203.75,2016,1
2016-01-01,Norte,"Centro Hospitalar do Tâmega e Sousa, EPE","41.2494561, -8.264901",-882971.91,7476977.98,6251190.140000001,-1136418.07,-1225787.84,2016,1
2016-01-01,Norte,"Centro Hospitalar Médio Ave, EPE","41.3423984, -8.4802503",16102.81,3329684.19,3345787.0,18092.79,16102.81,2016,1
2016-01-01,Centro,Hospital Arcebispo João Crisóstomo - Cantanhede,"40.3470015, -8.5933462",126274.07,233744.27,360018.34,137212.29,126274.07,2016,1
2016-01-01,Centro,Hospital Dr. Francisco Zagalo - Ovar,"40.8571967, -8.6318023",130361.11,389060.13,519421.24,108346.08,130361.11,2016,1
2016-01-01,Lisboa e Vale do Tejo,"Hospital Garcia de Orta, EPE - Almada","38.6658713, -9.1822554",930715.07,13376497.47,13124069.1,331526.1,-252428.37,2016,1
2016-01-01,Norte,"Instituto Português de Oncologia do Porto, EPE","41.1785642, -8.6062881",-975780.44,10995828.489999998,9400422.32,-1180637.47,-1595406.17,2016,1
2016-01-01,Centro,"Unidade Local de Saúde de Castelo Branco, EPE","39.8212263, -7.4981271",20617.96,4972446.85,4924080.91,-31930.37,-48365.94,2016,1
2016-01-01,Norte,"Unidade Local de Saúde do Alto Minho, EPE","41.7056054, -8.8252713",-104883.76,11713942.19,11213776.8,-458781.19,-500165.39,2016,1
2016-02-01,Centro,"Centro Hospitalar do Baixo Vouga, EPE","40.6362453, -8.6543716",-2262208.48,13933595.4,11324170.54,-2509857.15,-2609424.86,2016,2
2016-02-01,Lisboa e Vale do Tejo,"Centro Hospitalar do Barreiro - Montijo, EPE","38.6554005, -9.0592392",-1268002.19,12710497.6,10752008.06,-1942760.42,-1958489.54,2016,2
2016-02-01,Norte,"Centro Hospitalar Universitário do Porto, EPE","41.1472498, -8.6172617",-2654454.79,46625603.809999995,43128458.3,-3494980.57,-3497145.51,2016,2
2016-02-01,Norte,"Hospital da Senhora da Oliveira Guimarães, EPE","41.4387173, -8.3086907",-3039546.92,16127776.58,12802650.34,-3269162.56,-3325126.24,2016,2
2016-02-01,Lisboa e Vale do Tejo,"Hospital Garcia de Orta, EPE - Almada","38.6658713, -9.1822554",-725777.4,24334827.29,23094992.37,-814732.88,-1239834.92,2016,2
2016-02-01,Lisboa e Vale do Tejo,"Instituto Português de Oncologia de Lisboa, EPE","38.7396768, -9.1634516",-518575.08,21260605.24,19767351.74,-1493152.95,-1493253.5,2016,2
2016-02-01,Alentejo,"Unidade Local de Saúde do Litoral Alentejano, EPE","38.0162314, -8.6956768",306942.23,7920624.67,8035751.58,145775.63,115126.91,2016,2
2016-02-01,Alentejo,"Unidade Local de Saúde do Norte Alentejano, EPE","39.3003425, -7.4263845",-569859.25,13499745.029999996,12670578.4,-817367.62,-829166.63,2016,2
2016-03-01,Norte,"Centro Hospitalar Médio Ave, EPE","41.3423984, -8.4802503",-753918.63,11299773.27,10545854.64,-753003.83,-753918.63,2016,3
2016-03-01,Centro,"Centro Hospitalar Tondela-Viseu, EPE","40.516364, -8.0827433",-3042331.84,31249894.12,27585075.279999997,-3549408.25,-3664818.84,2016,3
2016-03-01,Norte,"Centro Hospitalar Trás-os-Montes e Alto Douro, EPE","41.3031784, -7.7515252",-2634647.17,30539221.209999997,26424615.299999997,-3434059.22,-4114605.91,2016,3
2016-03-01,Lisboa e Vale do Tejo,"Centro Hospitalar Universitário Lisboa Norte, EPE","38.7500861, -9.1616116",-30244674.83,111964667.97,79286431.34,-32652229.86,-32678236.63,2016,3
2016-03-01,Norte,"Hospital de Magalhães Lemos, EPE","41.1764649, -8.6649823",178862.44,6879944.57,6994468.800000001,119374.55,114524.23,2016,3
2016-03-01,Lisboa e Vale do Tejo,"Hospital Fernando Fonseca, EPE","38.7422257, -9.2264834",-5438021.36,43464118.98,37001111.330000006,-6508673.12,-6463007.65,2016,3
2016-03-01,Centro,"Instituto Português de Oncologia de Coimbra, EPE","40.2162514, -8.4103814",117595.91,12835966.169999998,12202591.86,-244310.75,-633374.31,2016,3
2016-04-01,Lisboa e Vale do Tejo,"Centro Hospitalar do Barreiro - Montijo, EPE","38.6554005, -9.0592392",-5259791.990000001,27517536.12,20877704.220000003,-6637186.77,-6639831.900000001,2016,4
2016-04-01,Centro,"Centro Hospitalar e Universitário de Coimbra, EPE","40.2191523, -8.4098211",-415607.9,140678695.88,137731552.16,-2929184.16,-2947143.72,2016,4
2016-04-01,Centro,"Centro Hospitalar Universitário Cova da Beira, EPE","40.2804158, -7.4922407",-4857398.23,19778524.15,14558111.07,-5146912.69,-5220413.08,2016,4
2016-04-01,Norte,"Centro Hospitalar Universitário de São João, EPE","41.1831056, -8.6010558",-8272792.4,114638614.27,103562724.65,-10203091.57,-11075889.62,2016,4
2016-04-01,Norte,"Hospital de Magalhães Lemos, EPE","41.1764649, -8.6649823",-72276.27,9350875.85,9192345.01,-151764.65,-158530.84,2016,4
2016-04-01,Lisboa e Vale do Tejo,"Hospital Distrital Santarém, EPE","39.2410946, -8.6937515",-3415459.01,27427774.569999997,23294815.3,-4147534.94,-4132959.27,2016,4
2016-04-01,Lisboa e Vale do Tejo,"Hospital Fernando Fonseca, EPE","38.7422257, -9.2264834",-8294131.24,57703411.1,48045641.0,-9708446.48,-9657770.1,2016,4
2016-04-01,Centro,Hospital Rovisco Pais,"40.297919, -8.7707806",44200.84,2471201.45,2227628.03,-204549.57,-243573.42,2016,4
2016-04-01,Norte,"Unidade Local de Saúde de Matosinhos, EPE","41.1794456, -8.6745115",-3856826.96,43422665.63,38434102.67,-5145584.58,-4988562.96,2016,4
2016-04-01,Norte,"Unidade Local de Saúde do Alto Minho, EPE","41.7056054, -8.8252713",-1131348.85,47408016.43,44695541.06,-2550387.78,-2712475.37,2016,4
2016-05-01,Norte,"Centro Hospitalar de Entre o Douro e Vouga, EPE","40.9293884, -8.5458794",-2186362.41,36318917.370000005,32720610.35,-3285863.35,-3598307.020000007,2016,5
2016-05-01,Lisboa e Vale do Tejo,"Centro Hospitalar do Barreiro - Montijo, EPE","38.6554005, -9.0592392",-8000119.500000002,34735719.96,25012118.540000003,-9722691.48,-9723601.419999998,2016,5
2016-05-01,Norte,"Centro Hospitalar do Tâmega e Sousa, EPE","41.2494561, -8.264901",-4609558.0,37918308.19,31561673.06,-5909342.01,-6356635.129999995,2016,5
2016-05-01,Lisboa e Vale do Tejo,"Hospital Fernando Fonseca, EPE","38.7422257, -9.2264834",-10478360.0,73100546.48,60916731.86,-12258709.58,-12183814.620000005,2016,5
2016-05-01,Alentejo,"Unidade Local de Saúde do Litoral Alentejano, EPE","38.0162314, -8.6956768",624700.82,21481546.36,21612014.96,85908.92,130468.60000000148,2016,5
2016-06-01,Centro,"Centro Hospitalar de Leiria, EPE","39.7414812, -8.7982706",41957.07999999402,46838255.77,45182988.36999999,-1440773.940000006,-1655267.400000006,2016,6
2016-06-01,Norte,"Centro Hospitalar Trás-os-Montes e Alto Douro, EPE","41.3031784, -7.7515252",-7022561.119999992,61085592.629999995,51160386.41,-8639342.98999999,-9925206.219999991,2016,6
2016-06-01,Centro,Hospital Arcebispo João Crisóstomo - Cantanhede,"40.3470015, -8.5933462",478686.36000000034,1871433.71,2350120.0700000003,465439.1900000003,478686.36000000034,2016,6
2016-06-01,Norte,"Hospital de Magalhães Lemos, EPE","41.1764649, -8.6649823",230163.19000000163,13964963.48,14063579.49,113837.49000000164,98616.01000000164,2016,6
2016-06-01,Norte,"Unidade Local de Saúde do Nordeste, EPE","41.8056532, -6.7888197",-1622726.130000005,44464033.120000005,41311423.18,-2882096.4900000053,-3152609.940000005,2016,6
2016-07-01,Norte,"Centro Hospitalar de Entre o Douro e Vouga, EPE","40.9293884, -8.5458794",-764485.1900000155,48238532.16000001,45497324.52,-2353569.730000016,-2741207.6400000155,2016,7
2016-07-01,Centro,"Centro Hospitalar de Leiria, EPE","39.7414812, -8.7982706",-178728.00000000023,54803894.85,52647016.03,-1930630.3700000003,-2156878.8200000003,2016,7
2016-07-01,Lisboa e Vale do Tejo,"Centro Hospitalar de Lisboa - Zona Ocidental, EPE","38.708454, -9.216985",-16409977.929999994,131388053.36,111099940.04,-21008045.07999999,-20288113.319999993,2016,7
2016-07-01,Lisboa e Vale do Tejo,"Centro Hospitalar do Oeste, SPA","39.4054629, -9.1258493",-1031678.0999999924,41444847.309999995,39951798.06,955017.4600000076,-1493049.2499999923,2016,7
2016-07-01,Norte,"Centro Hospitalar do Tâmega e Sousa, EPE","41.2494561, -8.264901",-3867414.479999992,50547418.86,44220431.25000001,-5789715.559999992,-6326987.609999992,2016,7
2016-07-01,Lisboa e Vale do Tejo,"Centro Hospitalar Médio Tejo, EPE","39.478072, -8.5404429",-5786564.160000006,46780187.99000001,40078048.84,-4585286.890000006,-6702139.150000006,2016,7
2016-07-01,Centro,"Centro Hospitalar Tondela-Viseu, EPE","40.516364, -8.0827433",-3890439.3599999994,68817296.47,63474384.11,-5453503.749999999,-5342912.359999999,2016,7
2016-07-01,Centro,"Hospital Distrital Figueira da Foz, EPE","40.117897, -8.8586755",1230944.3200000003,14952917.45,15833989.09,996351.4200000004,881071.6400000006,2016,7
2016-07-01,Norte,"Unidade Local de Saúde de Matosinhos, EPE","41.1794456, -8.6745115",-5066798.729999997,70489114.28999999,63783286.809999995,-7141761.839999997,-6705827.479999997,2016,7
2016-07-01,Norte,"Unidade Local de Saúde do Alto Minho, EPE","41.7056054, -8.8252713",-1670771.3599999957,83062265.91,78624523.14,-4165422.339999996,-4437742.769999996,2016,7
2016-08-01,Lisboa e Vale do Tejo,"Centro Hospitalar do Barreiro - Montijo, EPE","38.6554005, -9.0592392",0.0,0.0,0.0,0.0,0.0,2016,8
2016-08-01,Norte,"Centro Hospitalar Médio Ave, EPE","41.3423984, -8.4802503",-3224388.44,29368990.270000003,25836857.99,-3247964.52,-3532132.28,2016,8
2016-08-01,Norte,"Centro Hospitalar Póvoa Varzim / Vila do Conde, EPE","41.3828711, -8.7589945",-3095134.52,18250686.14,14851204.42,-3429652.55,-3399481.72,2016,8
2016-08-01,Lisboa e Vale do Tejo,"Centro Hospitalar Universitário de Lisboa Central, EPE","38.7166948, -9.1371248",-14561264.79,271011464.56,251255358.17,-20085748.8,-19756106.39,2016,8
2016-08-01,Centro,Hospital Arcebispo João Crisóstomo - Cantanhede,"40.3470015, -8.5933462",569363.16,2579077.8000000003,3148440.9599999995,555592.9,569363.16,2016,8
2016-08-01,Norte,"Hospital de Magalhães Lemos, EPE","41.1764649, -8.6649823",348284.57,18688405.57,18858269.99,193987.4,169864.42,2016,8
2016-08-01,Centro,"Hospital Distrital Figueira da Foz, EPE","40.117897, -8.8586755",1075113.93,17216121.47,17890103.12,787751.87,673981.65,2016,8
2016-08-01,Alentejo,"Hospital Espírito Santo de Évora, EPE","38.5684861, -7.9032848",-2970070.21,56482145.76,51805397.6,-3739870.96,-4676748.16,2016,8
2016-08-01,Centro,"Instituto Português de Oncologia de Coimbra, EPE","40.2162514, -8.4103814",22258.03,33851214.330000006,31820420.15,-1160639.82,-2030794.18,2016,8
2016-08-01,Lisboa e Vale do Tejo,"Instituto Português de Oncologia de Lisboa, EPE","38.7396768, -9.1634516",-6010815.86,84771433.93,74809199.78,-9484851.96,-9962234.15,2016,8
2016-08-01,Norte,"Unidade Local de Saúde de Matosinhos, EPE","41.1794456, -8.6745115",-6736111.59,81244176.17,72655561.85,-8922711.15,-8588614.32,2016,8
2016-08-01,Norte,"Unidade Local de Saúde do Alto Minho, EPE","41.7056054, -8.8252713",-1958163.31,95107087.59,89986877.55,-4859902.81,-5120210.04,2016,8
2016-08-01,Alentejo,"Unidade Local de Saúde do Baixo Alentejo, EPE","38.014123, -7.8721227",-852241.2,57003511.26,55121662.78,-1645652.06,-1881848.48,2016,8
2016-08-01,Alentejo,"Unidade Local de Saúde do Litoral Alentejano, EPE","38.0162314, -8.6956768",1036534.42,34622310.56,34863161.93000001,207165.56,240851.37,2016,8
2016-09-01,Centro,"Centro Hospitalar de Leiria, EPE","39.7414812, -8.7982706",-1936333.88,71032837.67000002,66547646.42,-2785445.28,-4485191.25,2016,9
2016-09-01,Lisboa e Vale do Tejo,"Centro Hospitalar de Lisboa - Zona Ocidental, EPE","38.708454, -9.216985",-11930816.28,163482828.6,146559614.98,-16765400.98,-16923213.62,2016,9
2016-09-01,Norte,"Centro Hospitalar Universitário do Porto, EPE","41.1472498, -8.6172617",-10840081.34,209464414.36,194823424.82,-14550338.0,-14640989.54,2016,9
2016-09-01,Norte,"Centro Hospitalar Vila Nova Gaia/Espinho, EPE","41.1094138, -8.5972617",-14760172.58,140356955.65,120433625.61,-19377354.75,-19923330.04,2016,9
2016-09-01,Centro,Hospital Dr. Francisco Zagalo - Ovar,"40.8571967, -8.6318023",283467.38,5192508.9,5475976.28,202963.83,283467.38,2016,9
2016-09-01,Lisboa e Vale do Tejo,"Hospital Fernando Fonseca, EPE","38.7422257, -9.2264834",-21258496.11,133275180.7,109013032.27,-24358760.17,-24262148.43,2016,9
2016-09-01,Alentejo,"Unidade Local de Saúde do Baixo Alentejo, EPE","38.014123, -7.8721227",-3500129.03,66242792.6,61591123.8,-4411073.0,-4651668.8,2016,9
2016-10-01,Lisboa e Vale do Tejo,"Centro Hospitalar de Setúbal, EPE","38.5283754, -8.8818638",-18832238.99,71840491.35,93165186.99,-22390135.18,-21324695.64,2016,10
2016-10-01,Lisboa e Vale do Tejo,"Centro Hospitalar do Oeste, SPA","39.4054629, -9.1258493",-206249.22,59133075.309999995,60100496.84,-1010050.61,-967421.53,2016,10
2016-10-01,Centro,"Centro Hospitalar e Universitário de Coimbra, EPE","40.2191523, -8.4098211",-12662723.4,352175510.55999994,371167073.72,-17649083.24,-18991563.16,2016,10
2016-10-01,Norte,"Centro Hospitalar Universitário de São João, EPE","41.1831056, -8.6010558",-4994375.45,274548182.58,286784853.16,-9867656.91,-12236670.58,2016,10
2016-10-01,Algarve,"Centro Hospitalar Universitário do Algarve, E.P.E","37.0238973, -7.9281554",3187553.67,150972929.86,151994964.2,717826.15,-1022034.34,2016,10
2016-10-01,Norte,"Centro Hospitalar Universitário do Porto, EPE","41.1472498, -8.6172617",-5097978.02,223340855.39,232664790.57,-9202933.6,-9323935.18,2016,10
2016-10-01,Centro,Hospital Arcebispo João Crisóstomo - Cantanhede,"40.3470015, -8.5933462",506576.2,3842510.55,3335934.35,508953.62,506576.2,2016,10
2016-10-01,Norte,"Hospital de Magalhães Lemos, EPE","41.1764649, -8.6649823",634284.57,23607096.05,23199390.880000003,438258.22,407705.17,2016,10
2016-10-01,Norte,"Hospital Distrital S.Maria Maior, EPE - Barcelos","41.5324234, -8.6171561",-1569780.16,17793186.449999996,19693955.520000003,-1872687.56,-1900769.07,2016,10
2016-10-01,Lisboa e Vale do Tejo,"Hospital Fernando Fonseca, EPE","38.7422257, -9.2264834",-23860643.67,120682704.78,147890922.59000003,-27296961.75,-27208217.81,2016,10
2016-10-01,Centro,Hospital Rovisco Pais,"40.297919, -8.7707806",388080.34,6042492.26,6376487.069999999,-510468.88,-333994.81,2016,10
2016-10-01,Norte,"Unidade Local de Saúde do Alto Minho, EPE","41.7056054, -8.8252713",-3173386.11,112174060.43,119299643.91,-6782791.12,-7125583.48,2016,10
2016-11-01,Centro,Hospital Dr. Francisco Zagalo - Ovar,"40.8571967, -8.6318023",65797.45,6466661.04,6532458.49,-3596.14,65797.45,2016,11
2016-11-01,Lisboa e Vale do Tejo,"Hospital Garcia de Orta, EPE - Almada","38.6658713, -9.1822554",-1330611.63,134743539.1,130243967.9,-4267587.84,-4499571.2,2016,11
2016-11-01,Lisboa e Vale do Tejo,Instituto de Oftalmologia Dr. Gama Pinto,"38.7218793, -9.144249",428013.6,4867190.62,5181000.75,311440.59,313810.13,2016,11
2016-11-01,Centro,"Instituto Português de Oncologia de Coimbra, EPE","40.2162514, -8.4103814",216096.83,47068014.49,44398667.91,-1457424.1,-2669346.58,2016,11
2016-11-01,Alentejo,"Unidade Local de Saúde do Norte Alentejano, EPE","39.3003425, -7.4263845",3455594.75,73709711.72000001,75739145.07000001,2019827.32,2029433.35,2016,11
2016-12-01,Norte,"Centro Hospitalar de Entre o Douro e Vouga, EPE","40.9293884, -8.5458794",-3296565.53,87620726.03,80941679.17,-6664869.8,-6679046.86,2016,12
2016-12-01,Centro,"Centro Hospitalar de Leiria, EPE","39.7414812, -8.7982706",2123367.38,95689273.47,93664038.88,-2218078.94,-2025234.59,2016,12
2016-12-01,Lisboa e Vale do Tejo,"Centro Hospitalar de Lisboa - Zona Ocidental, EPE","38.708454, -9.216985",8532003.69,220945277.68,222777936.61,2156646.33,1832658.93,2016,12
2016-12-01,Centro,"Centro Hospitalar do Baixo Vouga, EPE","40.6362453, -8.6543716",-3589982.79,82009325.95,76371074.84,-4773115.42,-5638251.11,2016,12
2016-12-01,Centro,"Centro Hospitalar Tondela-Viseu, EPE","40.516364, -8.0827433",-3923996.2,119897526.84,112304808.84,-6898098.63,-7592718.0,2016,12
2016-12-01,Norte,"Centro Hospitalar Trás-os-Montes e Alto Douro, EPE","41.3031784, -7.7515252",-8947176.23,130192327.43,115414753.69,-10813379.55,-14777573.74,2016,12
2016-12-01,Norte,"Centro Hospitalar Vila Nova Gaia/Espinho, EPE","41.1094138, -8.5972617",-16286202.41,189388686.44,166155440.88,-22436634.34,-23233245.56,2016,12
2016-12-01,Norte,"Hospital de Magalhães Lemos, EPE","41.1764649, -8.6649823",1574655.75,27826594.2,29032314.66,960563.35,1205720.46,2016,12
2016-12-01,Alentejo,"Hospital Espírito Santo de Évora, EPE","38.5684861, -7.9032848",-4714537.24,88125228.53,80179680.25,-6774808.36,-7945548.28,2016,12
2016-12-01,Centro,"Unidade Local de Saúde de Castelo Branco, EPE","39.8212263, -7.4981271",1911670.42,67815770.97,67745295.26,417752.14,-70475.71,2016,12
2016-12-01,Norte,"Unidade Local de Saúde do Alto Minho, EPE","41.7056054, -8.8252713",2013647.96,146878212.27,142062626.34,-4610761.3,-4815585.93,2016,12
2016-12-01,Alentejo,"Unidade Local de Saúde do Baixo Alentejo, EPE","38.014123, -7.8721227",4537744.65,90377618.31,92653173.03,2486942.05,2275554.72,2016,12
2017-01-01,Norte,"Centro Hospitalar de Entre o Douro e Vouga, EPE","40.9293884, -8.5458794",-782079.16,7614277.0,6685923.4399999995,-907845.73,-928353.56,2017,1
2017-01-01,Centro,"Centro Hospitalar e Universitário de Coimbra, EPE","40.2191523, -8.4098211",-3450970.85,35338055.730000004,31361335.13,-4215356.64,-3976720.6,2017,1
2017-01-01,Lisboa e Vale do Tejo,"Centro Hospitalar Médio Tejo, EPE","39.478072, -8.5404429",-1840933.12,7727076.19,5766475.22,-1960323.01,-1960600.97,2017,1
2017-01-01,Norte,"Centro Hospitalar Póvoa Varzim / Vila do Conde, EPE","41.3828711, -8.7589945",-490981.41,2447331.11,1919524.28,-535518.72,-527806.83,2017,1
2017-01-01,Lisboa e Vale do Tejo,"Centro Hospitalar Universitário de Lisboa Central, EPE","38.7166948, -9.1371248",-7114514.51,37470215.95,29716039.029999997,-7689574.77,-7754176.92,2017,1
2017-01-01,Norte,"Centro Hospitalar Universitário de São João, EPE","41.1831056, -8.6010558",-4433541.08,31280585.66,26771852.58,-4405441.82,-4508733.08,2017,1
2017-01-01,Norte,"Hospital de Magalhães Lemos, EPE","41.1764649, -8.6649823",-65175.36,2365917.8299999996,2276453.92,-88945.36,-89463.91,2017,1
2017-01-01,Centro,Hospital Dr. Francisco Zagalo - Ovar,"40.8571967, -8.6318023",108897.73,411590.19,520487.92,102518.69,108897.73,2017,1
2017-01-01,Centro,"Instituto Português de Oncologia de Coimbra, EPE","40.2162514, -8.4103814",27669.25,4515153.359999999,4284212.0,-128444.51,-230941.36,2017,1
2017-01-01,Norte,"Unidade Local de Saúde do Alto Minho, EPE","41.7056054, -8.8252713",-199281.48,12401346.03,11806989.23,-552855.32,-594356.8,2017,1
2017-01-01,Alentejo,"Unidade Local de Saúde do Baixo Alentejo, EPE","38.014123, -7.8721227",-547230.66,7242515.340000001,6573531.100000001,-678833.73,-668984.24,2017,1
2017-02-01,Lisboa e Vale do Tejo,"Centro Hospitalar do Barreiro - Montijo, EPE","38.6554005, -9.0592392",-2338597.850000001,13593202.86,10557025.23,-3131413.119999999,-3035237.630000001,2017,2
2017-02-01,Norte,"Centro Hospitalar Trás-os-Montes e Alto Douro, EPE","41.3031784, -7.7515252",-290598.05,18384804.209999997,18094206.16,-823862.27,-290598.05,2017,2
2017-02-01,Centro,"Centro Hospitalar Universitário Cova da Beira, EPE","40.2804158, -7.4922407",-2477484.86,9608516.6,6973120.42,-2604402.76,-2635396.18,2017,2
2017-02-01,Lisboa e Vale do Tejo,"Centro Hospitalar Universitário de Lisboa Central, EPE","38.7166948, -9.1371248",-14147701.29,74002404.39,58575378.28,-15245456.07,-15427026.11,2017,2
2017-02-01,Norte,"Centro Hospitalar Universitário de São João, EPE","41.1831056, -8.6010558",-8682978.17,63357001.65,53219972.54,-9788895.97,-10137029.11,2017,2
2017-02-01,Centro,Hospital Dr. Francisco Zagalo - Ovar,"40.8571967, -8.6318023",18705.18,1027759.66,1046464.84,9360.82,18705.18,2017,2
2017-02-01,Alentejo,"Hospital Espírito Santo de Évora, EPE","38.5684861, -7.9032848",-1671017.84,14830054.64,12814986.34,-1682292.43,-2015068.3,2017,2
2017-02-01,Alentejo,"Unidade Local de Saúde do Litoral Alentejano, EPE","38.0162314, -8.6956768",447127.7,8178288.5,8429226.28,268811.14,250937.78,2017,2
2017-03-01,Norte,"Centro Hospitalar Trás-os-Montes e Alto Douro, EPE","41.3031784, -7.7515252",-6414732.06,34084311.89,26365207.1,-7695869.72,-7719104.79,2017,3
2017-03-01,Norte,"Centro Hospitalar Universitário do Porto, EPE","41.1472498, -8.6172617",-6861118.32,76962046.28999999,68520802.44999999,-8442294.28,-8441243.84,2017,3
2017-03-01,Lisboa e Vale do Tejo,"Centro Hospitalar Universitário Lisboa Norte, EPE","38.7500861, -9.1616116",-20452010.96,112256687.29,89391140.03,-23386144.69,-22865547.26,2017,3
2017-03-01,Centro,Hospital Arcebispo João Crisóstomo - Cantanhede,"40.3470015, -8.5933462",198431.87,952464.87,1150896.74,267321.88,198431.87,2017,3
2017-03-01,Norte,"Hospital da Senhora da Oliveira Guimarães, EPE","41.4387173, -8.3086907",-4722458.67,26602740.32,21426281.05,-5062510.79,-5176459.27,2017,3
2017-03-01,Centro,Hospital Rovisco Pais,"40.297919, -8.7707806",-332347.45,1973798.72,1428257.12,-34571.16,-545541.6,2017,3
2017-03-01,Centro,"Unidade Local de Saúde da Guarda, EPE","40.5309916, -7.2734793",-3888512.88,26623583.51,21933855.74,-4351586.94,-4689727.77,2017,3
2017-04-01,Lisboa e Vale do Tejo,"Centro Hospitalar de Lisboa - Zona Ocidental, EPE","38.708454, -9.216985",-8637073.28,79502832.87,68795401.30999999,-10661307.49,-10707431.56,2017,4
2017-04-01,Centro,"Centro Hospitalar do Baixo Vouga, EPE","40.6362453, -8.6543716",-6351353.31,29182356.87,22227713.01,-6842488.54,-6954643.86,2017,4
2017-04-01,Lisboa e Vale do Tejo,"Centro Hospitalar do Oeste, SPA","39.4054629, -9.1258493",3222505.95,21487894.74,24710400.69,3211488.99,3222505.95,2017,4
2017-04-01,Norte,"Centro Hospitalar Trás-os-Montes e Alto Douro, EPE","41.3031784, -7.7515252",-6112440.43,45306113.6,37118341.28,-7925449.93,-8187772.32,2017,4
2017-04-01,Lisboa e Vale do Tejo,"Hospital Fernando Fonseca, EPE","38.7422257, -9.2264834",-6505888.98,57522985.970000006,49728090.23,-7824134.06,-7794895.74,2017,4
2017-04-01,Centro,Hospital Rovisco Pais,"40.297919, -8.7707806",-512760.95,2783822.0599999996,1986003.17,-238750.37,-797818.89,2017,4
2017-04-01,Centro,"Instituto Português de Oncologia de Coimbra, EPE","40.2162514, -8.4103814",-370777.08,17826661.96,16460254.55,-976288.73,-1366407.41,2017,4
2017-04-01,Centro,"Unidade Local de Saúde da Guarda, EPE","40.5309916, -7.2734793",-4713664.99,34815848.71,29047375.56,-5237991.69,-5768473.15,2017,4
2017-05-01,Lisboa e Vale do Tejo,"Centro Hospitalar Médio Tejo, EPE","39.478072, -8.5404429",-10376536.69,37979686.23,27002468.72,-10967838.31,-10977217.51,2017,5
2017-05-01,Norte,"Centro Hospitalar Póvoa Varzim / Vila do Conde, EPE","41.3828711, -8.7589945",-2539014.81,13148047.8,10430445.97,-2725437.13,-2717601.83,2017,5
2017-05-01,Centro,"Centro Hospitalar Universitário Cova da Beira, EPE","40.2804158, -7.4922407",-5980510.32,23943914.71,17570689.52,-6282585.96,-6373225.19,2017,5
2017-05-01,Norte,"Centro Hospitalar Universitário do Porto, EPE","41.1472498, -8.6172617",-15042456.14,127139160.06000002,109470195.53,-17787748.3,-17668964.53,2017,5
2017-05-01,Lisboa e Vale do Tejo,"Centro Hospitalar Universitário Lisboa Norte, EPE","38.7500861, -9.1616116",-31489114.12,180993477.49,145495265.05,-38098568.3,-35498212.44,2017,5
2017-05-01,Lisboa e Vale do Tejo,"Hospital Garcia de Orta, EPE - Almada","38.6658713, -9.1822554",-2269558.05,63121703.42,59473512.78,-4142473.67,-3648190.64,2017,5
2017-05-01,Centro,Hospital Rovisco Pais,"40.297919, -8.7707806",-626715.13,3487493.52,2503852.2300000004,-377042.77,-983641.29,2017,5
2017-05-01,Lisboa e Vale do Tejo,Instituto de Oftalmologia Dr. Gama Pinto,"38.7218793, -9.144249",-210692.6,2381504.24,2118635.17,-213357.53,-262869.07,2017,5
2017-05-01,Norte,"Unidade Local de Saúde do Alto Minho, EPE","41.7056054, -8.8252713",-2836191.1,63358647.05,58480975.61,-4712808.57,-4877671.44,2017,5
2017-05-01,Alentejo,"Unidade Local de Saúde do Litoral Alentejano, EPE","38.0162314, -8.6956768",138829.61,22972062.95,22615190.85,-307592.59,-356872.1,2017,5
2017-06-01,Centro,"Centro Hospitalar e Universitário de Coimbra, EPE","40.2191523, -8.4098211",-15707261.0,227092865.69,207554137.11,-19886692.02,-19538728.58,2017,6
2017-06-01,Norte,"Centro Hospitalar Médio Ave, EPE","41.3423984, -8.4802503",-339481.05,22787839.930000003,22204002.4,-586263.36,-583837.53,2017,6
2017-06-01,Lisboa e Vale do Tejo,"Centro Hospitalar Psiquiátrico de Lisboa, SPA","38.7569771, -9.1460705",1860241.47,11530885.03,11215235.56,-575043.65,-315649.47,2017,6
2017-06-01,Norte,"Centro Hospitalar Universitário de São João, EPE","41.1831056, -8.6010558",-7272854.52,175362453.83,163839243.27,-9668871.77,-11523210.56,2017,6
2017-06-01,Norte,"Centro Hospitalar Universitário do Porto, EPE","41.1472498, -8.6172617",-21448298.02,153741466.0,129142066.53,-24718333.17,-24599399.47,2017,6
2017-06-01,Norte,"Hospital Distrital S.Maria Maior, EPE - Barcelos","41.5324234, -8.6171561",37781.21,11165130.989999998,11009596.58,-140044.33,-155534.41,2017,6
2017-06-01,Lisboa e Vale do Tejo,"Hospital Fernando Fonseca, EPE","38.7422257, -9.2264834",-10269221.27,87409852.69999999,75188924.71,-11783511.73,-12220927.99,2017,6
2017-06-01,Lisboa e Vale do Tejo,Instituto de Oftalmologia Dr. Gama Pinto,"38.7218793, -9.144249",129850.91,2664583.2800000003,2731838.07,116648.88,67254.79,2017,6
2017-06-01,Alentejo,"Unidade Local de Saúde do Baixo Alentejo, EPE","38.014123, -7.8721227",-172139.2,43096498.84,42226831.48,-883339.31,-869667.36,2017,6
2017-07-01,Norte,"Centro Hospitalar de Entre o Douro e Vouga, EPE","40.9293884, -8.5458794",-2998571.31,51969703.379999995,47119721.62,-4608993.68,-4849981.76,2017,7
2017-07-01,Centro,"Centro Hospitalar de Leiria, EPE","39.7414812, -8.7982706",-838578.68,55999235.55,53317765.77,-2637637.45,-2681469.78,2017,7
2017-07-01,Norte,"Centro Hospitalar do Tâmega e Sousa, EPE","41.2494561, -8.264901",-3093374.52,53130760.3,47695288.1,-4887807.22,-5435472.2,2017,7
2017-07-01,Norte,"Centro Hospitalar Médio Ave, EPE","41.3423984, -8.4802503",-891562.01,26830710.04,25654065.47,-1179200.16,-1176644.57,2017,7
2017-07-01,Norte,"Hospital de Magalhães Lemos, EPE","41.1764649, -8.6649823",340159.89,16321785.75,16496297.64,196680.36,174511.89,2017,7
2017-07-01,Norte,"Hospital Distrital S.Maria Maior, EPE - Barcelos","41.5324234, -8.6171561",-48084.3,13211063.15,12935580.090000002,-259224.41,-275483.06,2017,7
2017-07-01,Lisboa e Vale do Tejo,"Instituto Português de Oncologia de Lisboa, EPE","38.7396768, -9.1634516",-7749264.38,79880467.82,68303189.06,-11032929.47,-11577278.76,2017,7
2017-07-01,Centro,"Unidade Local de Saúde da Guarda, EPE","40.5309916, -7.2734793",-6956559.72,59766750.23,50935329.27,-7901067.83,-8831420.96,2017,7
2017-07-01,Norte,"Unidade Local de Saúde do Nordeste, EPE","41.8056532, -6.7888197",613440.71,52903366.85,51857875.74,-930959.98,-1045491.11,2017,7
2017-07-01,Alentejo,"Unidade Local de Saúde do Norte Alentejano, EPE","39.3003425, -7.4263845",-2602519.88,46057739.31999999,42547683.51,-3631631.32,-3510055.81,2017,7
2017-08-01,Lisboa e Vale do Tejo,"Centro Hospitalar de Lisboa - Zona Ocidental, EPE","38.708454, -9.216985",-10198458.98999999,149556192.03,135210375.99,-12719191.059999973,-14345816.039999992,2017,8
2017-08-01,Norte,"Centro Hospitalar Trás-os-Montes e Alto Douro, EPE","41.3031784, -7.7515252",-3577970.219999995,87608819.49999999,80322601.36999999,-6558952.249999985,-7286218.129999995,2017,8
2017-08-01,Lisboa e Vale do Tejo,"Centro Hospitalar Universitário de Lisboa Central, EPE","38.7166948, -9.1371248",-29231632.18999991,282974720.4499999,249263467.23,-22327835.96999991,-33711253.21999991,2017,8
2017-08-01,Norte,"Centro Hospitalar Universitário do Porto, EPE","41.1472498, -8.6172617",-32808466.49000001,206215094.78,169218776.51,-37185631.06999999,-36996318.27000001,2017,8
2017-08-01,Lisboa e Vale do Tejo,"Centro Hospitalar Universitário Lisboa Norte, EPE","38.7500861, -9.1616116",-37425394.22000003,289044190.95000005,245322007.74,-45995551.390000015,-43722183.21000004,2017,8
2017-08-01,Lisboa e Vale do Tejo,"Hospital Distrital Santarém, EPE","39.2410946, -8.6937515",-7751538.680000001,57076840.98,47904712.66,-9712218.03,-9172128.32,2017,8
2017-08-01,Lisboa e Vale do Tejo,"Hospital Fernando Fonseca, EPE","38.7422257, -9.2264834",-15237589.639999991,117850263.43,100048799.47,-17363044.699999988,-17801463.959999993,2017,8
2017-08-01,Lisboa e Vale do Tejo,"Hospital Garcia de Orta, EPE - Almada","38.6658713, -9.1822554",-5394920.340000001,102184724.91,94221303.27,-8366057.530000001,-7963421.640000001,2017,8
2017-08-01,Alentejo,"Unidade Local de Saúde do Baixo Alentejo, EPE","38.014123, -7.8721227",-1005597.8800000038,57756170.93,55825941.02,-1858063.509999998,-1930229.910000004,2017,8
2017-08-01,Alentejo,"Unidade Local de Saúde do Litoral Alentejano, EPE","38.0162314, -8.6956768",1009631.2700000064,35999533.589999996,36208161.88,335568.28000000864,208628.29000000656,2017,8
2017-09-01,Centro,"Centro Hospitalar do Baixo Vouga, EPE","40.6362453, -8.6543716",-11842291.600000007,62545526.07,49352848.779999994,-12919787.090000004,-13192677.290000008,2017,9
2017-09-01,Norte,"Centro Hospitalar do Tâmega e Sousa, EPE","41.2494561, -8.264901",-4976163.609999994,69440866.30999999,61442714.919999994,-7288124.549999982,-7998151.389999993,2017,9
2017-09-01,Centro,"Centro Hospitalar Universitário Cova da Beira, EPE","40.2804158, -7.4922407",-11841020.61,43299801.92,30763365.130000003,-12245272.279999994,-12536436.79,2017,9
2017-09-01,Lisboa e Vale do Tejo,"Centro Hospitalar Universitário Lisboa Norte, EPE","38.7500861, -9.1616116",-44618688.45999995,324107729.37999994,272444480.52,-54058663.360000014,-51663248.859999955,2017,9
2017-09-01,Centro,"Hospital Distrital Figueira da Foz, EPE","40.117897, -8.8586755",279009.26,20856069.8,20668446.3,-410220.2300000005,-187623.5,2017,9
2017-09-01,Lisboa e Vale do Tejo,Instituto de Oftalmologia Dr. Gama Pinto,"38.7218793, -9.144249",319294.8000000002,3955586.62,4181134.38,273957.85000000056,225547.76000000024,2017,9
2017-09-01,Centro,"Unidade Local de Saúde da Guarda, EPE","40.5309916, -7.2734793",-9709243.330000004,77593333.24000001,65464664.190000005,-10944938.24000001,-12128669.050000004,2017,9
2017-10-01,Norte,"Centro Hospitalar de Entre o Douro e Vouga, EPE","40.9293884, -8.5458794",-7303074.1,76308288.03,66360341.85,-9626346.63,-9947946.18,2017,10
2017-10-01,Lisboa e Vale do Tejo,"Centro Hospitalar de Setúbal, EPE","38.5283754, -8.8818638",-16468199.66,93805411.12,75248513.38,-19541169.79,-18556897.74,2017,10
2017-10-01,Lisboa e Vale do Tejo,"Centro Hospitalar Psiquiátrico de Lisboa, SPA","38.7569771, -9.1460705",2686532.0,19650252.66,18682944.38,-1257972.64,-967308.28,2017,10
2017-10-01,Lisboa e Vale do Tejo,"Hospital Distrital Santarém, EPE","39.2410946, -8.6937515",-11222759.88,72144525.71,59146028.78,-13537148.71,-12998496.93,2017,10
2017-10-01,Lisboa e Vale do Tejo,"Hospital Fernando Fonseca, EPE","38.7422257, -9.2264834",-17265327.94,147255960.01,126835816.04,-20010519.16,-20420143.97,2017,10
2017-10-01,Lisboa e Vale do Tejo,"Hospital Garcia de Orta, EPE - Almada","38.6658713, -9.1822554",-8239095.29,129294958.16,118488782.46,-11099949.71,-10806175.7,2017,10
2017-10-01,Lisboa e Vale do Tejo,Instituto de Oftalmologia Dr. Gama Pinto,"38.7218793, -9.144249",513723.67,4455007.34,4864624.1,458026.85,409616.76,2017,10
2017-10-01,Centro,"Instituto Português de Oncologia de Coimbra, EPE","40.2162514, -8.4103814",-1484955.5,44851344.72,40915879.25,-2818639.65,-3935465.47,2017,10
2017-10-01,Norte,"Unidade Local de Saúde de Matosinhos, EPE","41.1794456, -8.6745115",-14344545.22,109566621.37,92347111.76,-17289899.57,-17219509.61,2017,10
2017-10-01,Alentejo,"Unidade Local de Saúde do Norte Alentejano, EPE","39.3003425, -7.4263845",-6125471.23,68426392.11,61004440.98,-7581882.88,-7421951.13,2017,10
2017-11-01,Lisboa e Vale do Tejo,"Centro Hospitalar de Lisboa - Zona Ocidental, EPE","38.708454, -9.216985",-19644817.819999993,211268005.7,185781877.85,-24144438.079999983,-25486127.84999999,2017,11
2017-11-01,Norte,"Centro Hospitalar do Tâmega e Sousa, EPE","41.2494561, -8.264901",-7472050.790000012,86418502.5,75239779.80999999,-10302397.78,-11178722.690000013,2017,11
2017-11-01,Centro,"Centro Hospitalar e Universitário de Coimbra, EPE","40.2191523, -8.4098211",-39605440.34999998,434496793.56,387866995.98,-45318579.94,-46629797.57999998,2017,11
2017-11-01,Norte,"Centro Hospitalar Médio Ave, EPE","41.3423984, -8.4802503",-5761713.159999999,45440663.26,39230963.22,-6207168.029999994,-6209700.039999999,2017,11
2017-11-01,Norte,"Centro Hospitalar Universitário de São João, EPE","41.1831056, -8.6010558",-29574676.479999963,333690593.04,296443273.69000006,-34134790.73999989,-37247319.34999997,2017,11
2017-11-01,Norte,"Centro Hospitalar Vila Nova Gaia/Espinho, EPE","41.1094138, -8.5972617",-28201203.85000003,182358102.39,148469631.60999998,-33269446.96000004,-33888470.78000003,2017,11
2017-11-01,Norte,"Unidade Local de Saúde do Alto Minho, EPE","41.7056054, -8.8252713",-6312126.090000028,139844865.77,128988599.93999998,-10528687.660000026,-10856265.830000028,2017,11
2017-12-01,Centro,"Centro Hospitalar de Leiria, EPE","39.7414812, -8.7982706",-2868358.0799999996,97367383.13,90835893.02,-6468383.560000003,-6531490.109999999,2017,12
2017-12-01,Centro,"Centro Hospitalar do Baixo Vouga, EPE","40.6362453, -8.6543716",-7753297.37999999,86859015.55,77306183.21000001,-9237450.20999998,-9552832.339999989,2017,12
2017-12-01,Centro,"Centro Hospitalar e Universitário de Coimbra, EPE","40.2191523, -8.4098211",-27444123.430000026,467724538.3900001,432647291.73,-34881937.609999985,-35077246.660000026,2017,12
2017-12-01,Lisboa e Vale do Tejo,"Centro Hospitalar Universitário de Lisboa Central, EPE","38.7166948, -9.1371248",-24921331.60999995,427945339.67999995,394421332.94,-27128779.069999956,-33524006.73999995,2017,12
2017-12-01,Norte,"Centro Hospitalar Universitário de São João, EPE","41.1831056, -8.6010558",-23689461.07,363601430.84,329472163.53,-29514768.26999995,-34129267.31,2017,12
2017-12-01,Norte,"Hospital de Magalhães Lemos, EPE","41.1764649, -8.6649823",787762.9400000009,28616371.0,28761602.96,137729.8800000012,145231.9600000009,2017,12
2017-12-01,Alentejo,"Hospital Espírito Santo de Évora, EPE","38.5684861, -7.9032848",-6378413.279999974,88527504.55999999,79956282.08000001,-7556768.25999997,-8571222.479999974,2017,12
2018-01-01,Centro,"Centro Hospitalar de Leiria, EPE","39.7414812, -8.7982706",746309.39,7448713.58,7949128.3,501509.86,500414.72,2018,1
2018-01-01,Norte,"Centro Hospitalar Médio Ave, EPE","41.3423984, -8.4802503",-300900.38,3650726.28,3315931.75,-334794.53,-334794.53,2018,1
2018-01-01,Norte,"Centro Hospitalar Póvoa Varzim / Vila do Conde, EPE","41.3828711, -8.7589945",-498131.98,2601463.37,2065431.86,-536031.51,-536031.51,2018,1
2018-01-01,Lisboa e Vale do Tejo,"Centro Hospitalar Psiquiátrico de Lisboa, SPA","38.7569771, -9.1460705",416431.48,1688483.22,1734914.7,46431.48,46431.48,2018,1
2018-01-01,Norte,"Centro Hospitalar Universitário de São João, EPE","41.1831056, -8.6010558",-9442755.6,32860429.78,23417674.18,-9436822.04,-9442755.6,2018,1
2018-01-01,Norte,"Unidade Local de Saúde do Alto Minho, EPE","41.7056054, -8.8252713",-234958.81,12832030.34,12179961.63,-652068.71,-652068.71,2018,1
2018-01-01,Alentejo,"Unidade Local de Saúde do Baixo Alentejo, EPE","38.014123, -7.8721227",470312.07,6326920.76,6797232.83,469755.84,470312.07,2018,1
2018-01-01,Alentejo,"Unidade Local de Saúde do Litoral Alentejano, EPE","38.0162314, -8.6956768",817472.69,3810516.39,4541719.71,731173.21,731203.32,2018,1
2018-02-01,Centro,"Centro Hospitalar do Baixo Vouga, EPE","40.6362453, -8.6543716",-2908470.46,14266768.37,11358297.91,-2908470.46,-2908470.46,2018,2
2018-02-01,Centro,"Centro Hospitalar Tondela-Viseu, EPE","40.516364, -8.0827433",-1769936.84,20418520.74,18220540.9,-2197985.76,-2197979.84,2018,2
2018-02-01,Algarve,"Centro Hospitalar Universitário do Algarve, E.P.E","37.0238973, -7.9281554",-2233243.44,34282417.79,32049174.35,-2232997.08,-2233243.44,2018,2
2018-02-01,Centro,Hospital Arcebispo João Crisóstomo - Cantanhede,"40.3470015, -8.5933462",93999.1,594655.64,688654.74,93847.39,93999.1,2018,2
2018-02-01,Norte,"Hospital da Senhora da Oliveira Guimarães, EPE","41.4387173, -8.3086907",-3085828.01,18729105.66,15378618.61,-3350487.05,-3350487.05,2018,2
2018-02-01,Centro,Hospital Rovisco Pais,"40.297919, -8.7707806",447801.98,1004327.23,1452129.21,447784.41,447801.98,2018,2
2018-03-01,Centro,"Centro Hospitalar de Leiria, EPE","39.7414812, -8.7982706",-375038.45,23388718.07,22277841.18,-1112580.89,-1110876.89,2018,3
2018-03-01,Centro,"Centro Hospitalar do Baixo Vouga, EPE","40.6362453, -8.6543716",-5252098.83,23359441.67,17657342.84,-5702018.47,-5702098.83,2018,3
2018-03-01,Norte,"Hospital de Magalhães Lemos, EPE","41.1764649, -8.6649823",165484.72,7090079.61,7183564.33,93484.72,93484.72,2018,3
2018-03-01,Centro,"Instituto Português de Oncologia de Coimbra, EPE","40.2162514, -8.4103814",188612.41,14227279.05,13714940.24,-512338.81,-512338.81,2018,3
2018-04-01,Norte,"Centro Hospitalar do Tâmega e Sousa, EPE","41.2494561, -8.264901",-5016610.65,35575486.41,29239700.04,-6335786.37,-6335786.37,2018,4
2018-04-01,Lisboa e Vale do Tejo,"Centro Hospitalar Médio Tejo, EPE","39.478072, -8.5404429",-10484344.37,32781005.94,21819378.61,-10963018.76,-10961627.33,2018,4
2018-04-01,Norte,"Centro Hospitalar Póvoa Varzim / Vila do Conde, EPE","41.3828711, -8.7589945",-2423912.01,10747542.75,8172032.62,-2575510.13,-2575510.13,2018,4
2018-04-01,Lisboa e Vale do Tejo,"Centro Hospitalar Psiquiátrico de Lisboa, SPA","38.7569771, -9.1460705",838613.81,8186589.22,7545203.03,-641457.32,-641386.19,2018,4
2018-04-01,Centro,"Centro Hospitalar Tondela-Viseu, EPE","40.516364, -8.0827433",-3925631.68,41966151.76,37351898.08,-4616513.15,-4614253.68,2018,4
2018-04-01,Norte,"Hospital da Senhora da Oliveira Guimarães, EPE","41.4387173, -8.3086907",-6670016.93,38089203.41,30889868.4,-7199335.01,-7199335.01,2018,4
2018-04-01,Lisboa e Vale do Tejo,"Hospital Distrital Santarém, EPE","39.2410946, -8.6937515",-9110616.13,32716272.77,22996231.55,-9719700.35,-9720041.22,2018,4
2018-04-01,Norte,"Instituto Português de Oncologia do Porto, EPE","41.1785642, -8.6062881",-5778249.84,51986573.8,44468599.4,-7517898.73,-7517974.4,2018,4
2018-04-01,Norte,"Unidade Local de Saúde de Matosinhos, EPE","41.1794456, -8.6745115",-8500110.75,47927912.12,38637816.54,-9291649.07,-9290095.58,2018,4
2018-04-01,Norte,"Unidade Local de Saúde do Alto Minho, EPE","41.7056054, -8.8252713",-2640983.65,52677651.68,48368228.43,-4309449.87,-4309423.25,2018,4
2018-04-01,Alentejo,"Unidade Local de Saúde do Litoral Alentejano, EPE","38.0162314, -8.6956768",-1093934.1,18670328.03,17219498.48,-1452481.12,-1450829.55,2018,4
2018-05-01,Norte,"Centro Hospitalar Médio Ave, EPE","41.3423984, -8.4802503",-3792200.14,21096035.13,17134364.24,-3961695.17,-3961670.89,2018,5
2018-05-01,Centro,"Centro Hospitalar Universitário Cova da Beira, EPE","40.2804158, -7.4922407",-7666492.84,25861697.21,17797923.62,-8065659.14,-8063773.59,2018,5
2018-05-01,Norte,"Centro Hospitalar Universitário do Porto, EPE","41.1472498, -8.6172617",-25199325.63,136567798.11,108507190.34,-28067265.47,-28060607.77,2018,5
2018-05-01,Lisboa e Vale do Tejo,"Centro Hospitalar Universitário Lisboa Norte, EPE","38.7500861, -9.1616116",-40886212.95,199386261.06,154623902.17,-44772692.35,-44762358.89,2018,5
2018-05-01,Norte,"Centro Hospitalar Vila Nova Gaia/Espinho, EPE","41.1094138, -8.5972617",-15193002.35,88176084.33,70317551.02,-17860628.73,-17858533.31,2018,5
2018-05-01,Centro,"Instituto Português de Oncologia de Coimbra, EPE","40.2162514, -8.4103814",518098.71,23370782.22,22719085.29,-651696.93,-651696.93,2018,5
2018-05-01,Centro,"Unidade Local de Saúde de Castelo Branco, EPE","39.8212263, -7.4981271",179059.75,29243194.95,28888312.57,-394397.81,-354882.38,2018,5
2018-05-01,Norte,"Unidade Local de Saúde do Alto Minho, EPE","41.7056054, -8.8252713",-3553547.06,66199398.7,60560302.14,-5639123.18,-5639096.56,2018,5
2018-05-01,Alentejo,"Unidade Local de Saúde do Baixo Alentejo, EPE","38.014123, -7.8721227",-2958451.76,37747399.48,34175535.37,-3582283.47,-3571864.11,2018,5
2018-05-01,Alentejo,"Unidade Local de Saúde do Litoral Alentejano, EPE","38.0162314, -8.6956768",-50924.87,23521961.24,23012546.1,-511274.94,-509415.14,2018,5
2018-06-01,Norte,"Centro Hospitalar de Entre o Douro e Vouga, EPE","40.9293884, -8.5458794",-4245792.85,47704846.09,41811344.1,-5898219.25,-5893501.99,2018,6
2018-06-01,Centro,"Centro Hospitalar de Leiria, EPE","39.7414812, -8.7982706",-2760284.61,51248079.34,47028639.32,-4196025.81,-4219440.02,2018,6
2018-06-01,Lisboa e Vale do Tejo,"Centro Hospitalar Psiquiátrico de Lisboa, SPA","38.7569771, -9.1460705",2110247.91,11460389.51,11350637.42,-111474.39,-109752.09,2018,6
2018-06-01,Norte,"Centro Hospitalar Trás-os-Montes e Alto Douro, EPE","41.3031784, -7.7515252",-7680649.01,68732263.31,58693002.38,-10036235.21,-10039260.93,2018,6
2018-06-01,Centro,"Centro Hospitalar Universitário Cova da Beira, EPE","40.2804158, -7.4922407",-9467973.62,31167516.47,21222805.95,-9947150.6,-9944710.52,2018,6
2018-06-01,Lisboa e Vale do Tejo,"Instituto Português de Oncologia de Lisboa, EPE","38.7396768, -9.1634516",-10530163.43,73424069.32,59423102.21,-14000967.11,-14000967.11,2018,6
2018-06-01,Centro,"Unidade Local de Saúde da Guarda, EPE","40.5309916, -7.2734793",-5192959.6,52657439.37,45837505.38,-6821553.01,-6819933.99,2018,6
2018-07-01,Norte,"Centro Hospitalar Médio Ave, EPE","41.3423984, -8.4802503",-3946610.89,27358374.67,23174504.73,-4183894.22,-4183869.94,2018,7
2018-07-01,Norte,"Centro Hospitalar Vila Nova Gaia/Espinho, EPE","41.1094138, -8.5972617",-23322368.25,125297296.33,98243185.12,-27057148.99,-27054111.21,2018,7
2018-07-01,Centro,Hospital Arcebispo João Crisóstomo - Cantanhede,"40.3470015, -8.5933462",406957.86,2183846.31,2590804.17,406352.71,406957.86,2018,7
2018-07-01,Centro,"Hospital Distrital Figueira da Foz, EPE","40.117897, -8.8586755",-231307.67,16469911.65,15894024.71,-589734.5,-575886.94,2018,7
2018-07-01,Centro,"Instituto Português de Oncologia de Coimbra, EPE","40.2162514, -8.4103814",469715.46,32979678.78,31811989.46,-1167689.32,-1167689.32,2018,7
2018-07-01,Norte,"Unidade Local de Saúde do Nordeste, EPE","41.8056532, -6.7888197",587725.25,53824602.26,52789865.31,-1038113.7,-1034736.95,2018,7
2018-08-01,Lisboa e Vale do Tejo,"Centro Hospitalar de Lisboa - Zona Ocidental, EPE","38.708454, -9.216985",-18247253.86,152496671.19,129767871.16,-22745837.48,-22728800.03,2018,8
2018-08-01,Norte,"Centro Hospitalar do Tâmega e Sousa, EPE","41.2494561, -8.264901",-7802429.35,69402811.02,58962030.23,-10440780.79,-10440780.79,2018,8
2018-08-01,Lisboa e Vale do Tejo,"Centro Hospitalar Psiquiátrico de Lisboa, SPA","38.7569771, -9.1460705",2197559.19,15928202.15,15165761.34,-764290.43,-762440.81,2018,8
2018-08-01,Norte,"Centro Hospitalar Trás-os-Montes e Alto Douro, EPE","41.3031784, -7.7515252",-10414645.27,89914374.51,76358501.5,-13553229.6,-13555873.01,2018,8
2018-08-01,Lisboa e Vale do Tejo,"Centro Hospitalar Universitário de Lisboa Central, EPE","38.7166948, -9.1371248",-49739994.82,302129303.96,247996718.85,-54143150.79,-54132585.11,2018,8
2018-08-01,Norte,"Centro Hospitalar Universitário de São João, EPE","41.1831056, -8.6010558",-27648956.98,256166919.38,222742936.26,-33420527.72,-33423983.12,2018,8
2018-08-01,Norte,"Hospital de Magalhães Lemos, EPE","41.1764649, -8.6649823",-187881.47,19316213.26,18934755.38,-381457.88,-381457.88,2018,8
2018-08-01,Centro,Hospital Dr. Francisco Zagalo - Ovar,"40.8571967, -8.6318023",487102.58,4784685.4,5271787.98,487102.58,487102.58,2018,8
2018-08-01,Alentejo,"Hospital Espírito Santo de Évora, EPE","38.5684861, -7.9032848",-9327470.24,61993022.48,51634242.5,-10365740.87,-10358779.98,2018,8
2018-08-01,Centro,Hospital Rovisco Pais,"40.297919, -8.7707806",145546.96,6017909.87,5586485.81,-431559.66,-431424.06,2018,8
2018-08-01,Centro,"Unidade Local de Saúde de Castelo Branco, EPE","39.8212263, -7.4981271",-719071.5,47564481.72,45963890.24,-1641473.51,-1600591.48,2018,8
2018-08-01,Norte,"Unidade Local de Saúde de Matosinhos, EPE","41.1794456, -8.6745115",-13837850.61,93977233.99,78533959.1,-15446322.18,-15443274.89,2018,8
2018-09-01,Norte,"Centro Hospitalar de Entre o Douro e Vouga, EPE","40.9293884, -8.5458794",-9597283.06,73768855.42,61700008.65,-12075745.9,-12068846.77,2018,9
2018-09-01,Centro,"Centro Hospitalar de Leiria, EPE","39.7414812, -8.7982706",-5838590.41,76507326.7,68491270.2,-7994993.44,-8016056.5,2018,9
2018-09-01,Norte,"Centro Hospitalar do Tâmega e Sousa, EPE","41.2494561, -8.264901",-8797547.78,78078625.7,66312932.55,-11765693.15,-11765693.15,2018,9
2018-09-01,Norte,"Centro Hospitalar Médio Ave, EPE","41.3423984, -8.4802503",-4671635.8,36273375.84,31296692.69,-4977331.4,-4976683.15,2018,9
2018-09-01,Centro,"Centro Hospitalar Tondela-Viseu, EPE","40.516364, -8.0827433",-13766533.85,96899043.57,81583108.72,-15319286.82,-15315934.85,2018,9
2018-09-01,Centro,Hospital Dr. Francisco Zagalo - Ovar,"40.8571967, -8.6318023",384267.47,5413425.43,5797692.9,384267.47,384267.47,2018,9
2018-09-01,Norte,"Unidade Local de Saúde do Alto Minho, EPE","41.7056054, -8.8252713",-7602346.07,120720458.04,109364122.87,-11356728.98,-11356335.17,2018,9
2018-10-01,Norte,"Centro Hospitalar de Entre o Douro e Vouga, EPE","40.9293884, -8.5458794",-10430113.74,81980054.3,68803758.66,-13184303.89,-13176295.64,2018,10
2018-10-01,Centro,"Centro Hospitalar de Leiria, EPE","39.7414812, -8.7982706",-7044077.62,85453801.52,75991120.38,-9442215.35,-9462681.14,2018,10
2018-10-01,Norte,"Centro Hospitalar Médio Ave, EPE","41.3423984, -8.4802503",-5691203.13,40861348.28,34831203.65,-6030869.84,-6030144.63,2018,10
2018-10-01,Centro,"Centro Hospitalar Universitário Cova da Beira, EPE","40.2804158, -7.4922407",-16269045.97,51691223.61,34599922.14,-17093934.16,-17091301.47,2018,10
2018-10-01,Lisboa e Vale do Tejo,"Centro Hospitalar Universitário Lisboa Norte, EPE","38.7500861, -9.1616116",-88168457.99,395726853.24,299829584.93,-95922690.79,-95897268.31,2018,10
2018-10-01,Norte,"Centro Hospitalar Vila Nova Gaia/Espinho, EPE","41.1094138, -8.5972617",-31111953.63,176653982.24,140380805.04,-36277463.23,-36273177.2,2018,10
2018-10-01,Norte,"Hospital da Senhora da Oliveira Guimarães, EPE","41.4387173, -8.3086907",-17272830.95,94113760.07,75501156.24,-18612190.72,-18612603.83,2018,10
2018-10-01,Norte,"Hospital de Magalhães Lemos, EPE","41.1764649, -8.6649823",-206431.46,24167377.95,23716981.64,-450396.31,-450396.31,2018,10
2018-10-01,Centro,Hospital Dr. Francisco Zagalo - Ovar,"40.8571967, -8.6318023",737180.28,6124667.37,6861847.65,737180.28,737180.28,2018,10
2018-10-01,Lisboa e Vale do Tejo,"Instituto Português de Oncologia de Lisboa, EPE","38.7396768, -9.1634516",-19039618.89,124233107.76,99408816.07,-24824291.69,-24824291.69,2018,10
2018-10-01,Alentejo,"Unidade Local de Saúde do Norte Alentejano, EPE","39.3003425, -7.4263845",949567.9,70554493.23,70435957.01,-203520.96,-118536.22,2018,10
2018-11-01,Centro,"Centro Hospitalar Universitário Cova da Beira, EPE","40.2804158, -7.4922407",-17380306.12,56493908.12,38206525.58,-18290898.71,-18287382.54,2018,11
2018-11-01,Centro,"Hospital Distrital Figueira da Foz, EPE","40.117897, -8.8586755",-2742518.81,27637926.12,24353035.12,-3312005.39,-3284891.0,2018,11
2018-11-01,Lisboa e Vale do Tejo,"Hospital Distrital Santarém, EPE","39.2410946, -8.6937515",-20504263.0,86286650.93,64106468.93,-22178478.38,-22180182.0,2018,11
2018-11-01,Norte,"Instituto Português de Oncologia do Porto, EPE","41.1785642, -8.6062881",-12379112.59,141710140.65,124431217.93,-17278648.51,-17278922.72,2018,11
2018-11-01,Alentejo,"Unidade Local de Saúde do Litoral Alentejano, EPE","38.0162314, -8.6956768",-2374194.24,54269227.6,50819576.59,-3456055.41,-3449651.01,2018,11
2018-11-01,Norte,"Unidade Local de Saúde do Nordeste, EPE","41.8056532, -6.7888197",-2237157.37,90472248.26,85642246.01,-4835408.14,-4830002.25,2018,11
2018-11-01,Alentejo,"Unidade Local de Saúde do Norte Alentejano, EPE","39.3003425, -7.4263845",-2022710.61,80103921.82,76906296.68,-3282653.1,-3197625.14,2018,11
2018-12-01,Norte,"Centro Hospitalar do Tâmega e Sousa, EPE","41.2494561, -8.264901",-12489051.24,104898743.23,90353884.37,-14500059.16,-14544858.86,2018,12
2018-12-01,Norte,"Centro Hospitalar Médio Ave, EPE","41.3423984, -8.4802503",-7038707.02,53916191.75,46513771.98,-7407186.16,-7402419.77,2018,12
2018-12-01,Lisboa e Vale do Tejo,"Centro Hospitalar Médio Tejo, EPE","39.478072, -8.5404429",-20104313.97,98200389.44,76439030.27,-21843807.01,-21761359.17,2018,12
2018-12-01,Lisboa e Vale do Tejo,"Centro Hospitalar Psiquiátrico de Lisboa, SPA","38.7569771, -9.1460705",1439343.61,25903908.73,23057447.77,-2848587.36,-2846460.96,2018,12
2018-12-01,Centro,"Centro Hospitalar Tondela-Viseu, EPE","40.516364, -8.0827433",-16310380.3,136907828.18,118717219.04,-18255990.41,-18190609.14,2018,12
2018-12-01,Algarve,"Centro Hospitalar Universitário do Algarve, E.P.E","37.0238973, -7.9281554",-18352862.02,229154929.29,206358837.24,-22860749.9,-22796092.05,2018,12
2018-12-01,Lisboa e Vale do Tejo,"Centro Hospitalar Universitário Lisboa Norte, EPE","38.7500861, -9.1616116",-58657941.09,460254324.21,392332354.83,-67986993.89,-67921969.38,2018,12
2018-12-01,Centro,"Instituto Português de Oncologia de Coimbra, EPE","40.2162514, -8.4103814",-473618.99,57725507.91,54454409.06,-3277565.01,-3271098.85,2018,12
2018-12-01,Centro,"Unidade Local de Saúde de Castelo Branco, EPE","39.8212263, -7.4981271",-2666947.46,73548530.55,69546429.04,-4167235.07,-4002101.51,2018,12
2018-12-01,Norte,"Unidade Local de Saúde do Alto Minho, EPE","41.7056054, -8.8252713",1667816.4,161074490.43,158373764.02,-2871011.37,-2700726.41,2018,12
2018-12-01,Alentejo,"Unidade Local de Saúde do Baixo Alentejo, EPE","38.014123, -7.8721227",-6402072.09,94482794.56,86581405.03,-8090317.89,-7901389.53,2018,12
2018-12-01,Norte,"Unidade Local de Saúde do Nordeste, EPE","41.8056532, -6.7888197",-7426779.93,101540325.59,90936939.1,-10552963.88,-10603386.49,2018,12
2019-01-01,Lisboa e Vale do Tejo,"Hospital Garcia de Orta, EPE - Almada","38.6658713, -9.1822554",-219339.24,12240671.95,11790202.97,-450558.32,-450468.98,2019,1
2019-01-01,Lisboa e Vale do Tejo,"Instituto Português de Oncologia de Lisboa, EPE","38.7396768, -9.1634516",-1206972.66,13078699.98,11293260.04,-1785439.94,-1785439.94,2019,1
2019-01-01,Norte,"Instituto Português de Oncologia do Porto, EPE","41.1785642, -8.6062881",-2013875.62,13345849.15,10966226.81,-2379622.34,-2379622.34,2019,1
2019-01-01,Lisboa e Vale do Tejo,"Centro Hospitalar de Setúbal, EPE","38.5283754, -8.8818638",-1461482.99,9561756.89,7891556.41,-1670645.92,-1670200.48,2019,1
2019-01-01,Alentejo,"Unidade Local de Saúde do Norte Alentejano, EPE","39.3003425, -7.4263845",-1970084.72,8638546.14,6561651.01,-2076964.13,-2076895.13,2019,1
2019-01-01,Lisboa e Vale do Tejo,"Centro Hospitalar Universitário Lisboa Norte, EPE","38.7500861, -9.1616116",-9497667.56,41368017.34,31100239.37,-10268962.28,-10267777.97,2019,1
2019-01-01,Lisboa e Vale do Tejo,"Centro Hospitalar do Barreiro - Montijo, EPE","38.6554005, -9.0592392",-6758094.04,7201846.9,115302.33,-7086544.57,-7086544.57,2019,1
2019-01-01,Centro,"Centro Hospitalar Tondela-Viseu, EPE","40.516364, -8.0827433",2672351.29,6646878.71,9319230.0,2668018.24,2672351.29,2019,1
2019-01-01,Centro,"Centro Hospitalar de Leiria, EPE","39.7414812, -8.7982706",-373603.3,8765940.38,8154362.69,-611918.65,-611577.69,2019,1
2019-01-01,Norte,"Hospital da Senhora da Oliveira Guimarães, EPE","41.4387173, -8.3086907",-2897137.49,10554264.65,7521943.54,-3027692.11,-3032321.11,2019,1
2019-01-01,Lisboa e Vale do Tejo,"Centro Hospitalar do Oeste, EPE","39.4054629, -9.1258493",897251.28,5756050.31,6232388.6,475738.65,476338.29,2019,1
2019-02-01,Norte,"Hospital Distrital S.Maria Maior, EPE - Barcelos","41.5324234, -8.6171561",914978.85,3093633.01,3946210.63,853551.52,852577.62,2019,2
2019-02-01,Norte,"Unidade Local de Saúde de Matosinhos, EPE","41.1794456, -8.6745115",-1021937.1,23990772.85,22553988.98,-1428329.86,-1436783.87,2019,2
2019-02-01,Norte,"Instituto Português de Oncologia do Porto, EPE","41.1785642, -8.6062881",-5369028.22,27902812.6,21802090.01,-6100722.59,-6100722.59,2019,2
2019-02-01,Lisboa e Vale do Tejo,"Centro Hospitalar de Setúbal, EPE","38.5283754, -8.8818638",-3471455.34,19688318.5,15823082.98,-3865865.16,-3865235.52,2019,2
2019-02-01,Norte,"Centro Hospitalar Vila Nova Gaia/Espinho, EPE","41.1094138, -8.5972617",-7446758.04,39740162.53,31210489.17,-8532916.64,-8529673.36,2019,2
2019-02-01,Lisboa e Vale do Tejo,"Centro Hospitalar Universitário Lisboa Norte, EPE","38.7500861, -9.1616116",-15893415.16,80650414.13,63217727.41,-17436621.74,-17432686.72,2019,2
2019-02-01,Algarve,"Centro Hospitalar Universitário do Algarve, E.P.E","37.0238973, -7.9281554",-2782518.24,39335879.73,35807770.53,-3528803.56,-3528109.2,2019,2
2019-02-01,Norte,"Hospital da Senhora da Oliveira Guimarães, EPE","41.4387173, -8.3086907",-4803135.13,20174885.21,15101382.84,-5063655.09,-5073502.37,2019,2
2019-03-01,Lisboa e Vale do Tejo,"Hospital Garcia de Orta, EPE - Almada","38.6658713, -9.1822554",-4117160.25,39237400.78,34426851.31,-4807413.97,-4810549.47,2019,3
2019-03-01,Norte,"Unidade Local de Saúde de Matosinhos, EPE","41.1794456, -8.6745115",-1405215.46,35769197.82,33741793.0,-2014297.47,-2027404.82,2019,3
2019-03-01,Alentejo,"Hospital Espírito Santo de Évora, EPE","38.5684861, -7.9032848",-1412415.36,25330283.12,23481108.34,-1845796.46,-1849174.78,2019,3
2019-03-01,Norte,"Unidade Local de Saúde do Alto Minho, EPE","41.7056054, -8.8252713",-1390975.63,41741843.44,39259029.51,-2494222.11,-2482813.93,2019,3
2019-03-01,Centro,"Unidade Local de Saúde de Castelo Branco, EPE","39.8212263, -7.4981271",-1116781.41,18737200.49,17299644.14,-1470943.44,-1437556.35,2019,3
2019-03-01,Centro,"Centro Hospitalar Tondela-Viseu, EPE","40.516364, -8.0827433",-3791816.92,32222705.8,28430888.88,-3803673.46,-3791816.92,2019,3
2019-03-01,Norte,"Hospital da Senhora da Oliveira Guimarães, EPE","41.4387173, -8.3086907",-6815447.78,29859186.78,22638188.14,-7205609.62,-7220998.64,2019,3
2019-04-01,Centro,"Instituto Português de Oncologia de Coimbra, EPE","40.2162514, -8.4103814",-917161.62,20522375.81,18685146.34,-1700255.2,-1837229.47,2019,4
2019-04-01,Lisboa e Vale do Tejo,"Centro Hospitalar de Lisboa - Zona Ocidental, EPE","38.708454, -9.216985",-14103593.23,82121460.17,65634496.02,-16478080.46,-16486964.15,2019,4
2019-04-01,Alentejo,"Hospital Espírito Santo de Évora, EPE","38.5684861, -7.9032848",-5613495.52,33929807.18,27736304.63,-6187985.35,-6193502.55,2019,4
2019-04-01,Lisboa e Vale do Tejo,"Centro Hospitalar Universitário de Lisboa Central, EPE","38.7166948, -9.1371248",-34165667.11,158264023.29,121901976.86,-35640436.58,-36362046.43,2019,4
2019-04-01,Norte,"Centro Hospitalar Trás-os-Montes e Alto Douro, EPE","41.3031784, -7.7515252",6980851.64,46721913.07,52139962.68,5419350.86,5418049.61,2019,4
2019-04-01,Norte,"Centro Hospitalar Médio Ave, EPE","41.3423984, -8.4802503",-3997065.17,17647421.8,13514780.03,-4134796.41,-4132641.77,2019,4
2019-04-01,Centro,"Centro Hospitalar e Universitário de Coimbra, EPE","40.2191523, -8.4098211",-29867721.37,175887435.07,144020439.91,-31740525.12,-31866995.16,2019,4
2019-04-01,Centro,"Centro Hospitalar Tondela-Viseu, EPE","40.516364, -8.0827433",-5655407.75,43296763.03,37641355.28,-5672076.71,-5655407.75,2019,4
2019-04-01,Norte,"Hospital da Senhora da Oliveira Guimarães, EPE","41.4387173, -8.3086907",-8980965.3,39701433.1,30179733.32,-9504374.42,-9521699.78,2019,4
2019-05-01,Centro,"Hospital Distrital Figueira da Foz, EPE","40.117897, -8.8586755",-1621475.88,14607188.58,12609379.97,-1996679.24,-1997808.61,2019,5
2019-05-01,Centro,"Instituto Português de Oncologia de Coimbra, EPE","40.2162514, -8.4103814",-1184719.46,25833261.81,23499695.6,-2190854.97,-2333566.21,2019,5
2019-05-01,Lisboa e Vale do Tejo,"Centro Hospitalar de Lisboa - Zona Ocidental, EPE","38.708454, -9.216985",-20050753.89,105760931.47,82723940.99,-22816304.43,-23036990.48,2019,5
2019-05-01,Lisboa e Vale do Tejo,"Centro Hospitalar de Setúbal, EPE","38.5283754, -8.8818638",-10393006.56,52293838.46,40911256.34,-11383745.2,-11382582.12,2019,5
2019-05-01,Alentejo,"Unidade Local de Saúde do Norte Alentejano, EPE","39.3003425, -7.4263845",-2800602.67,40743398.68,37408743.96,-3335479.55,-3334654.72,2019,5
2019-05-01,Norte,"Centro Hospitalar Póvoa Varzim / Vila do Conde, EPE","41.3828711, -8.7589945",-3826615.4,14683438.92,10667325.87,-4021440.5,-4016113.05,2019,5
2019-05-01,Norte,"Unidade Local de Saúde do Alto Minho, EPE","41.7056054, -8.8252713",-933959.36,69282245.02,66528555.16,-2770023.47,-2753689.86,2019,5
2019-05-01,Centro,Hospital Dr. Francisco Zagalo - Ovar,"40.8571967, -8.6318023",-383451.33,3287647.45,2904196.12,-383451.33,-383451.33,2019,5
2019-06-01,Lisboa e Vale do Tejo,"Instituto Português de Oncologia de Lisboa, EPE","38.7396768, -9.1634516",-4549153.63,76460756.23,68440798.92,-8018736.02,-8019957.31,2019,6
2019-06-01,Lisboa e Vale do Tejo,"Centro Hospitalar de Setúbal, EPE","38.5283754, -8.8818638",-10355253.45,59365964.68,47827965.38,-11539450.53,-11537999.3,2019,6
2019-06-01,Norte,"Centro Hospitalar Trás-os-Montes e Alto Douro, EPE","41.3031784, -7.7515252",9512848.85,70365634.26,77544788.57,7183493.57,7179154.31,2019,6
2019-06-01,Norte,"Centro Hospitalar do Tâmega e Sousa, EPE","41.2494561, -8.264901",-6781718.75,55159938.52,47235725.02,-7923304.96,-7924213.5,2019,6
2019-06-01,Norte,"Centro Hospitalar Póvoa Varzim / Vila do Conde, EPE","41.3828711, -8.7589945",-3262809.39,16196617.49,12706410.92,-3496109.33,-3490206.57,2019,6
2019-06-01,Norte,"Unidade Local de Saúde do Alto Minho, EPE","41.7056054, -8.8252713",-1597195.76,83505036.86,79724164.5,-3798960.6,-3780872.36,2019,6
2019-06-01,Alentejo,"Unidade Local de Saúde do Baixo Alentejo, EPE","38.014123, -7.8721227",-3490933.57,45420503.24,41152611.17,-4276642.43,-4267892.07,2019,6
2019-06-01,Norte,"Unidade Local de Saúde do Nordeste, EPE","41.8056532, -6.7888197",7897045.67,47364209.28,53701168.61,6373015.27,6336959.33,2019,6
2019-06-01,Alentejo,"Unidade Local de Saúde do Litoral Alentejano, EPE","38.0162314, -8.6956768",-1303423.25,29395199.04,27470292.61,-1859700.44,-1924906.43,2019,6
2019-06-01,Centro,Hospital Dr. Francisco Zagalo - Ovar,"40.8571967, -8.6318023",710878.01,3667092.09,4377970.1,710878.01,710878.01,2019,6
2019-06-01,Lisboa e Vale do Tejo,Instituto de Oftalmologia Dr. Gama Pinto,"38.7218793, -9.144249",-185519.65,2982761.29,2797241.64,-185519.65,-185519.65,2019,6
2019-07-01,Norte,"Unidade Local de Saúde de Matosinhos, EPE","41.1794456, -8.6745115",-1455897.88,83950011.36,81025578.11,-2889920.08,-2924433.25,2019,7
2019-07-01,Centro,"Instituto Português de Oncologia de Coimbra, EPE","40.2162514, -8.4103814",-1794634.57,37029194.27,33629908.95,-3206220.42,-3399285.32,2019,7
2019-07-01,Lisboa e Vale do Tejo,"Centro Hospitalar de Lisboa - Zona Ocidental, EPE","38.708454, -9.216985",-22545035.16,141674693.15,114918936.71,-26522598.63,-26755756.44,2019,7
2019-07-01,Lisboa e Vale do Tejo,"Centro Hospitalar Universitário de Lisboa Central, EPE","38.7166948, -9.1371248",-40242646.91,265064793.17,220352973.64,-43826936.48,-44711819.53,2019,7
2019-07-01,Norte,"Centro Hospitalar Trás-os-Montes e Alto Douro, EPE","41.3031784, -7.7515252",-6893096.12,84169278.62,74558499.49,-9654792.43,-9610779.13,2019,7
2019-07-01,Norte,"Centro Hospitalar Vila Nova Gaia/Espinho, EPE","41.1094138, -8.5972617",-22336150.91,135401011.16,109362883.87,-26063838.82,-26038127.29,2019,7
2019-07-01,Norte,"Unidade Local de Saúde do Alto Minho, EPE","41.7056054, -8.8252713",-1481130.34,97331281.37,93302528.33,-4049707.18,-4028753.04,2019,7
2019-07-01,Norte,"Centro Hospitalar de Entre o Douro e Vouga, EPE","40.9293884, -8.5458794",-7266865.07,59099999.28,50744247.53,-8339039.99,-8355751.75,2019,7
2019-07-01,Lisboa e Vale do Tejo,"Centro Hospitalar Psiquiátrico de Lisboa, SPA","38.7569771, -9.1460705",1457729.6,14731791.79,13666137.91,-1065054.48,-1065653.88,2019,7
2019-08-01,Norte,"Unidade Local de Saúde do Alto Minho, EPE","41.7056054, -8.8252713",-1377545.41,111215435.38,106926321.17,-4312358.07,-4289114.21,2019,8
2019-08-01,Centro,"Centro Hospitalar Tondela-Viseu, EPE","40.516364, -8.0827433",-19498295.16,97029688.92,76278275.76,-20808984.35,-20751413.16,2019,8
2019-08-01,Centro,"Centro Hospitalar de Leiria, EPE","39.7414812, -8.7982706",-10098406.34,72681915.21,60724210.67,-11969794.96,-11957704.54,2019,8
2019-08-01,Norte,"Unidade Local de Saúde do Nordeste, EPE","41.8056532, -6.7888197",135768.57,64858981.03,62886520.97,-1943001.37,-1972460.06,2019,8
2019-08-01,Alentejo,"Unidade Local de Saúde do Litoral Alentejano, EPE","38.0162314, -8.6956768",-1838938.24,39296751.48,36622048.79,-2591474.79,-2674702.69,2019,8
2019-08-01,Algarve,"Centro Hospitalar Universitário do Algarve, E.P.E","37.0238973, -7.9281554",-11217908.22,152705029.99,138504757.93,-14186808.89,-14200272.06,2019,8
2019-08-01,Centro,Hospital Rovisco Pais,"40.297919, -8.7707806",1078880.87,5608358.67,6156371.91,545349.93,548013.24,2019,8
2019-09-01,Norte,"Hospital Distrital S.Maria Maior, EPE - Barcelos","41.5324234, -8.6171561",260755.63,18047232.54,18021375.31,-27742.69,-25857.23,2019,9
2019-09-01,Lisboa e Vale do Tejo,"Hospital Distrital Santarém, EPE","39.2410946, -8.6937515",-16774316.3,67794180.08,49361022.89,-18430621.48,-18433157.19,2019,9
2019-09-01,Lisboa e Vale do Tejo,"Centro Hospitalar de Setúbal, EPE","38.5283754, -8.8818638",-19850174.28,92713995.35,71086289.27,-21630500.16,-21627706.08,2019,9
2019-09-01,Alentejo,"Unidade Local de Saúde do Norte Alentejano, EPE","39.3003425, -7.4263845",-1928942.92,67885180.27,64994943.66,-2891747.16,-2890236.61,2019,9
2019-09-01,Norte,"Hospital de Magalhães Lemos, EPE","41.1764649, -8.6649823",-93836.47,23261466.16,22877768.57,-360954.38,-383697.59,2019,9
2019-09-01,Norte,"Centro Hospitalar de Entre o Douro e Vouga, EPE","40.9293884, -8.5458794",-11435683.53,77678652.15,64842971.46,-12858952.8,-12835680.69,2019,9
2019-09-01,Lisboa e Vale do Tejo,"Centro Hospitalar do Barreiro - Montijo, EPE","38.6554005, -9.0592392",-10662590.33,68079831.55,54482229.68,-13599163.19,-13597601.87,2019,9
2019-09-01,Norte,"Centro Hospitalar Universitário de São João, EPE","41.1831056, -8.6010558",-29176818.06,315223329.8,279778794.6,-35104967.65,-35444535.2,2019,9
2019-09-01,Centro,"Centro Hospitalar do Baixo Vouga, EPE","40.6362453, -8.6543716",-15770488.85,75233053.45,58225238.27,-17006063.48,-17007815.18,2019,9
2019-09-01,Centro,"Centro Hospitalar Tondela-Viseu, EPE","40.516364, -8.0827433",-21533875.55,109140135.16,86196499.61,-23007435.18,-22943635.55,2019,9
2019-09-01,Centro,"Centro Hospitalar de Leiria, EPE","39.7414812, -8.7982706",-10330636.92,80416983.43,68007858.41,-12424474.46,-12409125.02,2019,9
2019-09-01,Norte,"Hospital da Senhora da Oliveira Guimarães, EPE","41.4387173, -8.3086907",-21966473.5,91956393.93,68703638.53,-22654942.09,-23252755.4,2019,9
2019-10-01,Lisboa e Vale do Tejo,"Hospital Distrital Santarém, EPE","39.2410946, -8.6937515",-18588494.6,75691789.82,55220189.45,-20468721.15,-20471600.37,2019,10
2019-10-01,Lisboa e Vale do Tejo,"Centro Hospitalar de Setúbal, EPE","38.5283754, -8.8818638",-22744763.96,104051418.12,79336287.8,-24718063.14,-24715130.32,2019,10
2019-10-01,Centro,"Unidade Local de Saúde da Guarda, EPE","40.5309916, -7.2734793",-13648674.82,96203532.56,79193414.36,-17013458.4,-17010118.2,2019,10
2019-10-01,Norte,"Hospital de Magalhães Lemos, EPE","41.1764649, -8.6649823",-178968.88,25922468.49,25415278.67,-481447.99,-507189.82,2019,10
2019-10-01,Lisboa e Vale do Tejo,"Centro Hospitalar do Barreiro - Montijo, EPE","38.6554005, -9.0592392",-13167498.28,76536496.16,60102986.8,-16435070.68,-16433509.36,2019,10
2019-10-01,Centro,"Centro Hospitalar de Leiria, EPE","39.7414812, -8.7982706",-11282027.42,90210560.39,76633638.83,-13593035.13,-13576921.56,2019,10
2019-10-01,Norte,"Unidade Local de Saúde do Nordeste, EPE","41.8056532, -6.7888197",-1897309.38,83233020.93,78685711.04,-4518324.76,-4547309.89,2019,10
2019-11-01,Centro,"Centro Hospitalar Universitário Cova da Beira, EPE","40.2804158, -7.4922407",-16920627.84,60867415.32,42902070.99,-17969190.23,-17965344.33,2019,11
2019-11-01,Lisboa e Vale do Tejo,"Instituto Português de Oncologia de Lisboa, EPE","38.7396768, -9.1634516",-9587864.79,140072857.78,124125895.33,-15960918.7,-15946962.45,2019,11
2019-11-01,Norte,"Centro Hospitalar Póvoa Varzim / Vila do Conde, EPE","41.3828711, -8.7589945",-7144628.45,31691835.04,24097866.48,-7608872.68,-7593.0,2019,11
